在现场 | 湖北冻雨有多严重 央广网记者实地探访#湖北冻雨有多严重
这名记者正在科普冻雨知识，请全国人民认真、虚心学习。,536993271647824,无忧的艺术家1C
喷子们！到现场直播去看看。本来湖北都很少见冻雨。遇到这种情况请理性看待。[祈祷][祈祷][祈祷],6138211663,火枪80468918
今年的雨雪多，冰冻严重！大家千万注意安全！！！,4063422980303277,魔法春风TW
这个记者，不去高速，去无人居住的村庄干什么呢,2598888835135336,安哥讲干货
说实话，东北冷不？山东烟台威海雪大不？别以为自己在常规的“南方”，就不会结冰下雪，现在福建山区都已经下雪了，何况湖北。要提前做应急措施，这需要湖北应急管理局需要做的事。买除雪设备和除雪剂，除冰设备等等。,57279014161,蝈蝈1559775
这边是下着清者。清扫车不停。,50509137993,对妞谈寝
我的天呐，这么厉害,3843503430308575,青虫
应该去高速上看看被堵的人，都得到补给了吗？他们是否能按时到家过年吗？他们的车是否还有油吗？,101779808025,诺贝尔小王
河南在除雪，湖北在科普,51878026224,非粉之香
网上有武汉人发视频，拿了个铁镐来跟大家科普什么是冻雨，结果被东北老铁指出来，圆圈里就是有人及时处理的。[呲牙][呲牙][呲牙],6021254213,下班挖土豆
冻雨属实，不作为也属实,97002549725,起名真难叫老王
找几个嘴硬的网友去除雪，作为湖北人，深知此次冰雪有多大，高速肯定会被困，谁有那么大能力，都是人，又不是神,50087800597,广源天下
没人住了，去报道干什么,2313825785490512,高贵芒果w0
提前安排融雪剂了吗,4579974955,易学传统文化A
无人居住，冻雨能产生什么灾害？,70935064685,自强不息唐伯虎
与湖北接壤的河南高速公路为何干干净净，一点冻雨没有？难道就这么巧 这个冻雨下到两省交界处只下到湖北高速公路上而不下到河南高速公路上？不及时清扫、洒盐、洒溶雪剂是主要原因，不要再强词夺理 狡辩了。,6345648874,zyx四哥
你告诉我，大声告诉我，为什么，郑州，河南，就可以做到边下边清？？来你告诉我，为什么,52526872277,西楼儿女望东楼
冻雨属实，但从一开始就不清理，自然就越积越厚，越积越多！河南省做的不错，还能支援湖北，怎么回事？,2933151282773287,999的福
湖北已经给我们天天科普了！但是我们还是要除雪，我们都知道铲铲路上就好点！天天科普雪不会化！！,72766675136,爱国爱家259202523
对对对，全国只有湖北下冻雨！,102522255726,别动我的蓝260
河南郑州第一天下的就是冻雨,75006193400,活泼的老鼠慵懒的猫
干嘛不去高速上采访去,64958465331,晨风是我啊
北方最近大雪有没有一天内垮很多树? 好奇问问。湖南湖北冻雨一天就压垮了好多大树，之前下大雪还没断那么多树。,6510045663,一起创译吧
下雪就开始清理绝对没事,104156691645,蚊子不咬我啊
总感觉有喷子，间谍在挑拨网友的情绪，各种挑拨各地关系，大过年的都不要再喷了，湖北冻雨是事实，不过相关部门没预防没处理到位做好保障也是事实，希望能赶紧解决大家都能平平安安，顺顺利利回家过年。,4374150227,39度7
能满足下这种冻雨的地方还真的就只有刚好就在南北交汇中间位置的湖北了，别的地方因地理位置就算想下也达不到条件，所以请不要再说下的东西一样了[祈祷],59735075222,ZERO
报道点高速路行吗？还是官媒吗？,6609280787,圈T
,1761874639849575,火星燎原之势
这么大的冰雪，应采取措施清扫！全民大扫雪，人多力量大！,984781964714184,安康幸福是我的追求
高速高速 老是说村里干嘛,6697244811,ve星雨淚
这就是没有提前预防，河南提前1周预防有极端天气，提前3天路边放满了融雪剂，下雪的当天夜里N多人在路上撒融雪剂。第二天基本可以通行，48小时路上都基本上没有雪了,107971938057,TT集火
预防措施不力，准备不足。北方也有冻雨。如果战争状态，敌人会等你准备充分再开战。,72828069010,紫天60
不知道为什么会有这么多人配合那些别有用心的人进行地域攻击，被牵着鼻子走，中国人这么容易就被渗透吗？,54577155027,半亩方塘6k6y
科普这个是什么意思呢,1688475878303934,瑞云飞飞
下次，去大兴安岭地区，看看,2616446515426087,用户蓝小
记得小时候在湖北的时候，冬天家房檐上结着长长的冰柱子，拿着吃[捂脸],554600176297483,木木666
报道一下高速公路为啥堵车吧,2172252909214888,温柔橘子Pm
结冰不是很正常吗？,98848452175,风飞扬0
专家说的暖冬呢？这个时候专家去哪里了？,5741272215,浪子62416620
评论区那些嘴硬的家伙应该拉他们去除冰,108067625084,直爽香瓜iW
呵呵，原来这是冻雨啊，坐标开封，也这样，不过只是部分，你湖北全境都是这,6843788804,木子六
冰冻三尺非一日之寒，湖北高速公路的近况是不作为和乱作为造成的，河南安徽怎么没有这种样子？没有，看看河南安徽高速公路是怎么走的？,55972077184,lk149036412
呼吁民众，当遇到极端灾害天气 减少出行 减少损失。等到天气好转再出行不迟,1512528040952464,24度Azgkc
古时候怎么应对冻雨？,1288250572414195,闲着没事的光头哥
气温低，还下雨，下了雨，还冻冰。难上加难,92277719926,围墙里的娃娃
能不能多去高速上报道报道,51459802532,33小米粒
河南已经驰援湖北铲冰除雪。湖北解决不了的问题，河南来解决。,3214595619821261,小小五隆基
灾害面前只有手牵手共努力，希望早日恢复生活[祈祷][祈祷][祈祷][祈祷][祈祷][祈祷][祈祷][祈祷][祈祷],60412553216,溜妈瑛子
去高速报道一下吧，这个意义不大,1207701651600857,爱评一定赢
湖北下冻雨啦，地球人都知道,111043782558,善良葡萄y5
一些人就知道喷湖北不作为，一点都不了解实际情况,50990511192,江风枫影
嗯，全中国只有湖北下冻雨，安徽河南都没下,4520867575,骏马倏忽踏九州
不去拍高速公路和铁路！而去拍无人村！[打脸],6281024449,环保从业人员
不要再喷了，湖北已经制订了应急预案，一个月内，让太阳把冰和雪融化完。,3320126353441704,一根硬骨头
能找到这么个地方真不容易！[呲牙]都没人住了，没想想为啥吗？,63945573735,天空不蓝海不咸
无人居住你去干啥。。,92545008106,洗星辰
河南是被天气预报一片黑给吓尿了，准备的好[呲牙]。湖北是没想到泼天的冰溜子根本就没做好准备去接！[呲牙]事实证明只要有准备肯定打胜仗！,2875918467739150,自由空间8866
这种极端灾害不能全怪湖北不作为，铲雪和凿冰完全不一回事。,70404984368,勇敢的中年男人
哇，冰河世纪，我这东北人真是开了眼界,6989028255,一路奔驰4
河南也是这样子,4579974955,易学传统文化A
冻雨和不救援有联系么？,6452277618,腊月冬风似铡刀
还在解释冻雨，难道只有湖北有冻雨，湖北特色吗,96648766244,贝克11111
你去湖北省委省政府门口拍给我们看看呗,2240212645,zhimingQ
为什么找了个没人住的地方，潜台词是：看看没人清理就是会冻这么厚吗,54950271326,极速高山7yX
,3897899236,板沙哥
天灾啊,79602760203,乐天派海燕CVZ
是，今年比往年都狠，花坛的树木都吊断了，各地注意安全，加强管理，电线电路水管即时组织人员维修，保障人民群众的生产生活正常运行，为你的传播点赞！为维修全体工作人员点赞！为今日头条人员点赞！,106323960754,完美雪碧gx
雪灾一词不足以概括湖北这次遭遇的极端天气。不准确的概念限制了理解，加之互联网放大了人的自以为是，所以自媒体上充满了各种无知的傲慢。,1489181514929708,自由在口袋里
怎么不去高速国道上报道下,103405659778,湖南微微大雄
能找到这么个地方真不容易！[呲牙]都没人住了，没想想为啥吗？,364658672013563,2米七
湖北冰雨这么厉害，可苦了行路人,86735031404,吉祥三宝欢乐家
冻雨比雪还厉害,2823163062788525,我的太阳在东边
多灾多难的湖北太难了,106485899553,清风半夜徐来
雪这个东西早清理就消，晚清理结冰！苦难开始,96891621706,淡泊的雪梨55
自然灾害面前，人类是渺小的。,93504037081,闲云3776
2008年雪灾，已给所有受灾地区敲了警钟，我只想轻轻的试问一下湖北，你们应对突如其来的自然雪灾，用的是哪些防范措施与应对方案?,92331106361,我确认过你的眼神
这哥们怎么一股台湾腔,786871882876684,午后栅栏
雪灾一词不足以概括湖北这次遭遇的极端天气。不准确的概念限制了理解，加之互联网放大了人的自以为是，所以自媒体上充满了各种无知的傲慢。,5954156896,72776279
冻雨跟反应不迅速应对不及时不搭噶，河南也有冻雨,4541470745,优雅芒果KN
豆腐渣工程肯定会垮掉的，还有我想问问，河南可以边下边清理积雪，湖北为什么不能？请大伙们仔细想想是什么原因？,4441647630520648,乘风破浪的天空LYJ
感觉湖北有点刘亦菲演的小龙女一样不食人间烟火[呲牙],67943732907,游神209810815
央视是不是应该把镜头移到高速上，让全国人民看看在高速上的人们是否还活着？,3747642435,毛毛bb
[捂脸]请问大媒体记者：何谈“灾害非常大”？你知道什么叫“灾害”吗？,84079400651,氮靜789
没想到一夜把湖北变成了东北！,399825364846532,寒山寺中寺山寒
娘啊，难为你了。找个无人区！情况很严重，我收到了！等着吧，等老天爷爷放晴天，太阳公公，会把问题解决掉！快回家吧，外边冷！,3386118304707390,磊落云心
快去铲冰，全网的湖北人都在科普,5423735463,太原藏宝哥
河南在清雪，湖北在科普什么是冻雨,92679901735,Aa火头军
真替他捏了一把汗。戴个这个帽子也敢在这个下面。,15341433314,浪李淘沙
没人去无人村哎 这个记者也是搞笑 怎么不去看看省道有没有人除冰啊,3970107980,开心小莫利
早一个星期就有预报了，08年的经历也经历过了，前几年也吹过电网足以应对任何冻雨灾害。为什么到正式来了就不行了呢？？,3161295016,白客7600868
都别乱带节奏，天灾面前，团结一心。,1904769073683560,magic大
极目太郎和澎湃大佐报道：湖北冻雨非常壮观！,50230083545,小鸥的海
没湖南山区08年那么严重，当年的电话有多大，结冰后有锄头把大，百分百的电话线和电线都断了，所有能用电的都成摆设，为了一顿饭，有的人连床板也烧了,1670913052664659,完美清风e9
严重的冻雨灾害，赶快施救！,5215416666,刚正灵活
感谢你给我们普及的冻雨的知识～但是你没有给我们普及地理的知识，据我所知，湖北与河南是交界吧[尬笑]然后这又涉及到了神学的问题，老天爷下个冻雨，暴雪的，还得分湖北河南[奸笑]那么问题来了，为什么河南高速不堵车？,103160544779,li123258
哈大高铁，哈尔滨~大连，零下三十八度在暴雪中飞奔250km/h[赞][赞],97843307596,五万光年的空洞
不作为更属实,67290221653,邵205915330
这种裸露的电表箱都敢摸，记着狠人啊,3275129425,悠闲溪水OpQ
那么，有没有针对被困人员的应急措施呢？,5925019767,温柔阳光eA
冻雨属实，不作为也属实,105975907794,风云68923
战乱、开挖、采伐、污染…地球已经满目疮痍，冻雨的根本全球变暖导致极端天气，人类生存如何延续值得深思！,91950525547,宏达坤哥
央视也下场为湖北站台科普冻冰知识？高速上瑟瑟发抖的人们只想知道什么时候可以开动车辆！,3747642435,毛毛bb
过几天消融的时候小心冰锥掉落！2个月前甘肃一个大学生被冰锥砸死身亡了,3205801102553179,用户6658971209632
这边是下着清者。清扫车不停。,50509137993,对妞谈寝
武汉只会封路和封城 也只能这样了[呲牙][呲牙],105695353791,老熟人了
我是湖北黄冈的，我们这下雪后环卫干脆停工，然后前天一大早接到单位电话让我们去铲雪[捂脸]最后选了一上午发现效率太低，我们单位自费请了两台铲车铲雪，然后搞定，回家的途中也是看到各单位都在奋战、请铲车[捂脸]全程没看到环卫的身影，直到今天已经三天了，还是没看到环卫铲雪[捂脸]所以我想说湖北还是别辩解了，太丢人了,5417614269,飙风小羊
请全国网友不网暴我们湖北人民不扫雪、不除雪了，湖北下的是冻雨，一般除雪设备搞不定，这是天灾！天灾无情人有情，望各位言下留情！,69564656558,天光亮了
时间会验证当河南一边下冻雨一边下大雪时候的应急预案成果[泣不成声],3686689482,对着天空say
湖北高速还在开会研究呢，大家在高速路上再等几天[灵光一闪],632955043329872,开个民宿养老
好记者，不去高速去无人村采访,2948437351,编号4091481
因为刘德华知道了冰雨因为湖北人知道了冻雨,6181206352,人生最好是今年
湖北高速就是行动不力，准备不足,108587483189,顶级橙子E7
再多的解释都显得特别苍白无力。别解释了，错❌了就是错了。冻雨是事实，没有预案，没有提前措施，事后又推卸责任，这也是事实。,6925133219,小雅姐姐努力奔跑
总感觉有喷子，间谍在挑拨网友的情绪，各种挑拨各地关系，大过年的都不要再喷了，湖北冻雨是事实，不过相关部门没预防没处理到位做好保障也是事实，希望能赶紧解决大家都能平平安安，顺顺利利回家过年。,108849265135,分秒必争星辰ScL
[赞][赞][赞][赞][可爱][可爱][可爱],4274530426843463,用户5904022508182
今年的雨雪多，冰冻严重！大家千万注意安全！！！,4063422980303277,魔法春风TW
我的家乡,1596130812769223,唯有健康最无价
河南也是这样的，云台山，老君山，高速护拦上全是一样[大笑][大笑][大笑],97606321220,温柔雪碧eW
结冰的电箱不要轻易去触摸,110084746881,果神星
这样冻，看能不能把细菌给冻死？,2941947315232779,诗意生活家sF
我四川今年不知还不能够见到雪,193118779221191,快乐幸福金桔xS
希望早点恢复正常，过一个详和的春节！[祈祷][祈祷][祈祷],59044457213,版纳B
感谢有您,6916522578,12345624
你怎么挑个无人区[捂脸],2150265674550695,海边星月夜的咖啡厅
确实，看这个没有人住的地方干嘛？,96422767715,云帮主
我长这么大没见过这个场景！冻雨呀！的确是利害啊！寸步难行啊,3065058153201675,开心的展望未来
科普是知道了，希望回家路上的各位安全回家[祈祷],2798325602,两江总督27451925
你干嘛去无人居住的村庄直播,980369801489304,抬头望望天啊
哎呀，辛苦了[祈祷]能不能一人一把铁铲去除雪啊？,108954680861,刘小姐
为什么中国有人类历史上的大迁徙？,232740009554893,A股指期货
知道了 注意安全啊[祈祷][祈祷][祈祷],6979222021,十月668
当年贵州、湖南的冻雨有多严重，高压线倒塌好多高压电塔，全省一半以上的地方一个多月的缺电，只是媒体没有现在发达而已。,2828423887073920,沉着孔雀qk
用高温枪把冰溜子给化开了不是就可以了吗？,5741146879,洪瑞吉祥
这是湖北还是东北？,18090047946,不买立剩百分百
你以为北方的电表水表都自带加热功能？冬天看到预报下雪下雨，谁家不是拿保温棉或者布条把水表提前裹住防冻？有种配电箱叫做室外电箱用于露天使用。科普解决一切[鼓掌],2704399334638876,小岛大浪浪
回到了小时候的味道，那时候记得哦走路都要搀扶着，还要跌倒,84913856774,幸福嫁给好心情
北方哪个省没见过[捂脸],103085422229,郑小对
黄石和大冶等地区并不严重，你去鄂中西部看看啊,7002043861,坨坨和花园
外省人不是都在集嗯去武汉吗现在就让你们多感受一下高冷再说了离大年三十不是还有几天吗，不要慌，遇事先发个朋友圈[what],92713483726,吃瓜群众他哥
哈尔滨政府要是遇到这样的天气，会发公告企事业单位，学校，幼儿园，停工停课。就是为了减少道路车辆，给大型铲雪车作用，提纲方便。,101282771162,烙印留痕迹
好不容易找了这么不地方拿出来！让我们感觉到湘北太不容易了！,50850735843,乐观的帆船Kw
这是怎么了？？？还冻雨冻雨，冻雨挑着分界线？？？？,50240209313,YQ我六哥
湖北年年有这种情况，为什么不预防？,3306924053111559,俊俏饭团jeL
北方的朋友需要理解一下，冻雨加雪，确实和北方大雪不一样。但老百姓看到的是管理者的做为究竟在哪里？高速路车不动堵上百公里，反正我是没看到大型机械和动员大量人员铲冰除雪的报道，再如也没有动员高速沿线各村镇保障被困人员的报道。说白了，态度决定一切，还是不够重视，没有可行的预案，片面认为就下两周的雪，哪管你们开车的堵成啥样，坐办公室等天晴。,69599213400,Running man
没预案吗,108146623900,完美扑克mM
这都几天 还没通？,1533197664654288,润宇
,55121421720,一阶基因锁
你命大，如果电表带电，你已经因公……,5881283285,A中正平和A
08年的湖南也是这样的，,50343893580,英144337765
湖北是真不易的！,2146727034365021,带着火仔走天涯
太难了,110871501520,丁山
我们那叫下溜冰 不叫冻雨。,72146177196,丁铛不是蓝胖子
你知道有多少人堵在高速上几天不动，谁去疏通了？,3280564884866040,乖巧可乐N4
这次冻雨让湖北省开了眼界[呲牙][呲牙][呲牙]，咋不去高速上拍拍现在通了没有，是堵车上不去吧,3591475849333612,富足小鱼0L3
俄罗斯零下50度不出去了,101765092873,高冷熊猫AiZ
天有不测风云，我们耍有多种予案,66580335195,海底的石头苗
希望受灾的区域早日渡过难关,4222543438282957,磨难的十年
应该去高速拍,50317385046,佳期如梦126927083
今年雪下这么大，都冻成这样，怎么去解决,2212686436501496,机智的橘子O6V
整个湖北都没人居住[捂脸],109346402279,微笑帆船p
没修建三峡大坝以前，长江以南下过雪吗？,53050809020,俊俏面条Rp
这种天气电工太辛苦了。,2762407729694883,三毛从小流浪
干嘛不去高速上采访去,6827010788,天亮19
。,3346554495450904,xxx飞龙在天xxx
苍白,167606682132573,nshwhjwbswhns
,3979876956112839,唐汉子民
说暖冬的专家出来走两步,193986611121159,大太阳很暖和
只要想出冰雪有的是办法,4006267346489691,冕服华张
早就发布了警告，到这步田地，说说是如何应对的吧[看],1618090888011072,ilovesmarzhy
极端灾害啊，铲雪和凿冰完全不一回事。,2808590284099628,天星宅下雨
靠气温的回升一周即可。,5477409750,聪慧的徐洪伟
冻雨厉害，社会应急救援服务系统也要厉害。,5493030907,Dell1
咱别找理由，附近省份也都下冻雨了，也没见有这么严重的后果。咱说白了就是清理不及时的原因，人家一个城市，贡献6万人去除雪，就做到随下随除,188747357094412,夏肀秋
实地探访湖北冻雨有多严重？,3784939489212909,乘风破浪的铅笔KN
那么多人都堵在高速公路上，你跑去一个无人居住的村庄报道科普冻雨有多厉害，真的想不明白这是为什么，新闻报道不应该是去最需要发声的地方吗[what][what],4388870666335423,简单的枫sf
要及时清理雪,108827868936,乖巧远山j0
重回冰河时代！,108935519669,活泼扑克cO
地不分南北。,22975901128,三生有幸177
有08年贵州和湖南西部的冻雨厉害吗，持续时间长吗,106430144190,开朗小红花iF
冻雨确实不好清理这是事实，我们要理解湖北的兄弟们不容易[祈祷]，毕竟南方没有经验，经过这次以后相信湖北以后会更好,928466928157864,用户1596208043784
无人居住去干啥，就为了看冰吗,52474163661,儒雅牛牛牛牛
今年的天气不正常,52046122439,视讯爱好者
这个记者不知采访什么，划不到了重要。,259080835050204,远见卓识山雀MFQ
去无人居住的地方几个意思，不应该去高速之类急需解决问题地方吗,3983488085,超哥的黑板报
,5385519027,深圳小于
河南就下雪就清理 ，值得参考 ，湖北主辈留下来 下雨下雪不用管,2327023464745292,奋发有为星辰ED
小时候。房檐结冰比这还大[打脸][打脸][打脸][打脸][打脸],58455754243,善解人意智勇双全钢笔
冻雨属实，行动迟缓反应迟钝也是事实。,4332510216202654,mm
明明是雪，得说是冻雨，指鹿为马,4517693147,钱去哪了
你信不，电表冻的再实它还照走不误,58321102604,不羁的欲望
记者科普冻雨[捂脸],50595139545,小麦148
老天爷真是让人无语，在春运出行最密集的时候下冻雨！,752539791003278,悠闲百灵鸟fi
9几年的南京冬天不都这样，现在呢没有冰柱,10364116531,花星4
湖北的是冻雨冻雨冻雨，重要的事说三遍，冻雨一下来就结成冰了，雪可以铲，冰是无奈的，友友们请中肯评价。别带知识的盲区去敲打键盘。,6007381435,联想二三四
湖北承受了所有,11575404315,天亮了133845957
作为工业国家，我不相信没有相应的工程机械去除这种冰吧,5745564194,夏日树下的微风
这是一件艺术品,52885318694,刷手机观天下
去无人村干什么？去高速公路，去市区,92560347427,灭火总队长
智能电表越是下雨雪电表转的越快。,56802451920462,微笑花猫yx
天气预报提前一周就知道了，可到最后还是一地鸡毛。这就好比地震预警，没有意义,64125443084,Winston98cn
[憨笑][憨笑][憨笑][憨笑],2753618210199408,下一次相遇就是缘分66
oti最近媒体到处都在科普冻雨，来说明湖北没有不作为，，怎么回事,3501284661929640,灿灿爱林夕
我以为是极目的记者,12801095247341,峰
他竟然敢摸电表[狗头],61635350739,淮海大地
真是奇观！希望早日望解冻[祈祷],107790193022,甜美伊人66
小时候见过这么长的，茅草屋的屋檐,4270118809375437,无聊的时候做做手工
人生病了，躺着等自己恢复吗？,4112908160,见字如面33554779
希望人没有事,96883912057,清爽钢笔Roi
去高速叫路上的人，下车扫雪，这样路干净了还不冷[抠鼻],86088507953,秀ahahaha
不作为的后果。,101249610368,直率叶子自由
别说了，快干吧,50806731337,博学多才的孔雀cb
没有感受过冻雨的，可以去感受一下,67518418469,蟑螂哥有蟑螂药
真会找地方[我想静静],2269812120096120,鉴别真人
还不如东北呢,4029064059040324,一点相思半点红
意思是国道也受灾，但是管理部门可以提前管控高速和国道！,3902287705,太白2018
冻雨天气，对电力运行，危害不小！,2518341609330108,昆仑翁说古道今
堵的太严重了,556787449212155,小姐姐诶
冷🥶🥶🥶🥶,2656890132892136,极速叶子7k
这个记者，不去高速，去无人居住的村庄干什么呢,1376220430481804,用户9104327708975
多厚都不是造成高速拥堵滞留的理由！难道火灾的火很大就不救援了？难道敌人太多仗就不打了？难道下冻雨了，湖北的高速管理公司就不发工资了？,4350140795590084,几悟思维
湖北厉害，央视都出动了[黑线]到无人区科普一下冻雨。,60516951918,山河红火
[祈祷],52623939337,跳石溪
小时候的景象,100005296809,蚌壳山上看星辰大海
还在科普，行动了吗？,1829207273389904,海哥野史
这么大的冰雪，应采取措施清扫！全民大扫雪，人多力量大！,3082661912906391,开心就好9r7u
开车遇到冻雨雨刮器什么样的给喷子说说,56703792588,随风150051724
这是市中心的小区里,109573169321,绽放1689
湖北多灾多难[捂脸][祈祷],75919060442,德才兼备梦想家F6
高速上的人们没有被子，没有吃用，生活有多难，你们就没想过吗？在露天堵了四天怎么过！,6246432636,烈__马
狡辩是与生俱来，也是性格使然！,5973447909,戰士的責任重
,51397620949,风度翩翩的Q大
摸摸良心,6295802381,95277777ttt
好多年没见过这种景象了，记忆中还是小时候看过,5528229090,丶大白丶丶丶
专家呢？,949618934556173,越简单越幸福
河南在除雪，湖北在科普,725299601086222,执着的枫叶nk
喷子们，知道冻雨和雪的区别了吗？,4672952977,啊哈哈46690052
不做，和 不动 是两码事！,6255448509,不凡的优雅
今年我们河南雪也不小。,104198671089,喵的成长
北方常年下雪，难道就什么都不用干了？,2894386245937720,明明白白3214
我是河南的，我给你拍一下我们村的冰挂吧。大家知道你们也在努力。,2542549588784814,养羊小刘3E2s
,3897899236,板沙哥
,110472097893,风和自由ing
看着都冷，还是我云南好,102113981021,蓝色蘑菇554
一起过新年,1922406219786397,干活路
嗯嗯，冻雨，知道了！冻雨！,4495690557,水清沙白椰林树影
行动迟缓。后来没有办法了,61888272436,金华61888272436
只突出困难，不提办事不力,65239050057,朝闻骊歌
自然灾害面前，一方有难，八方支援，才能自豪的说自己是中国人,3940255063876672,晶彩中国
天灾天灾……[石化][石化][石化],87030438825,足智多谋菠萝z
这和湖南耒阳08年那样的冰灾造成生活出行困难，基础设备损坏。,54920493678,豁达宇宙TP
赵本山还在上春晚的时候，具体是哪一年不记得了，那年大年夜也是冻雨，很多人也是被困在了回家路上,123597695760647,高级沙雕80后
专门挑选最偏僻的地方是什么意思,110277683871,时刻报告
确实很严重了[赞],100666707879,德库拉本尊
雪不可怕，凍雨真的曆害，沒法清除的,59666903258,好学星空972
去除雪吧,59390182559,微言管见
-再严重高速公路也有办法，不应关闭。,1574942173303460,善良山丘58
如果可以，给堵在路上的人每人发一把铁锹，大家会主动铲雪吗？,61581263865,天天想你185807615
到高速和街道上去看一看。,95036656223,70峰哥
不得不说有冻雨隔离层，今年雪花挺干净的。,64530157002,蒸鸡守稻
河南在除雪，湖北在科普,3615629883474238,天赋明珠
去我们天门看一下[灵光一闪]雪有多厚，膝盖都过了,58842161841,星河是伱
一本正经的诉苦,5961584502,悠闲敞开胸怀任风吹
天上事有谁能拿它奈何？,4182164297749133,幽默溪流ag
生活还是华南f3好,298686472524286,朴实糯米lT
找几个嘴硬的给湖北做冻雨的科普,60232280120,时光煮雨YY
不行全国人民再支援一波湖北吧，单靠湖北自己看着是真费劲。,3113514321,风暴6276999
"一周前的某天曾经大肆宣传说河南气象全黑，工作不到位，说大题小做？但是以最大情况预警，安排人力物力，保证年关，纵使横眉冷对千夫指又如何（不知道这句话还能在教科书不），我们依旧要守住京港澳、连霍及宁洛这几条交通大动脉，与人与己都方便。毕竟年关将至，没人比河南更懂各地游子归家之心，“老家河南，心灵故乡""。",3187571745,夢想無極限
天灾不可抗拒。,67955187592,天地良心3328
说什么都嗐说，紧急预案在哪？,1860006638523118,付欣晨9y3p
从每一次雪灾中吸取教训，制定合适的应急预案。,2031512653142637,简心素冰
为啥不去高速！！！！！为破冰找借口吗？看看河南的高速！,110198171161,亲切帆船O
有东北冰雪大？,109092397944,太上皇话
搞不懂，零下两度左右怎么会冻成这样？看场景感觉像时是在东北零下20℃,98665155449,卡尼吉亚迪马利亚
天天科普冻雨！[大笑][大笑],85301365739,非常可乐752
湖北雪太大了。对出行可定有影响。,4256956986700199,诗意白云r
这次大雪对近些年的河南，湖北来说确实是非常罕见的现象，所以应急措施也有所差别。八十年代在哈尔滨当兵几年，每年都有三个月的时间对部队来说就是猫冬，很少有室外的训练，但是只要下雪，部队的任务就是除雪。零下近40度，除雪都是用镐头，铁锨配合才能有效果。所以对雪停路清有深刻体会！比如东北地区天天大雪纷飞，也没见类似的情况发生。,76316962498,不会起绰号
去无人居住的地方干啥啊,3509236041522221,洪宇视频
湖北啊，总让人家救，，大水靠重庆，现在高速都要靠河南了，,4237625490,雾里迷渝
衣服帽子不错,93147128273,平凡的40岁人生
带上头盔吧,2207453507225592,请给苏州一个机场
现在出了个冻雨一词，以前都没听说过,1932465041,空虚27067427
这不冬天正常现象吗？怎么还搞得这么特殊？全球只有湖北下冻雨下雪？,81239286303,天山脚下的丫头子
不要光想着困难，要想着解决办法！,68805361790,曾经音味爱
全国各地都有雾凇和冰雕来东北看啥？,96703359600,大笨钟
这么长的冰凌，得有多冷啊，还好是无人居住的。,3689553113910532,安庆孝肃路助听器
冰溜子,2538148836412206,荷西呀现在
[赞],5991052879,瞅啥呢快跑
冷雨是气候低下的雨结冰，比下雪更危险,2942739901843591,智者布雷特9q3
南方的冻雨真是麻烦，给大家带来太多的困难了。,1104382612474167,洒脱海浪Pj
说点老百姓关注的事,73679320454,兵哥说工具
哇！看都冷，我们广西崇左市没见过下雪,1385858290421933,活泼山丘Pao
角色一换，是不是又要科普及百年一遇的暴雪？,4260885588,张瑾年01
人心不稳，旱涝不可调和，阿弥陀佛🙏,105311669018,曾经年少似火
极目楚天输,5530478534,Dancingwolve58587327
"冻不冻雨,先解决问题再说。群众眼晴是雪亮的,群众也是很包容的,把问题解决,也没人会死揪住不放。",3095831720495565,cross—rainbow
2008的雪灾,830875547473300,聪颖西柚rF
我已经几天上班没骑电动车，锁眼被冻住了，以前冬天从来没有这样过，措手不及，太突然了,110936587200,正直岑溪5J2
这种冻雨最烦人,1626930868140288,聪颖精灵aP
南方的小土豆不是要去北方看雪么，这下好了，去北方看完回家也能看了哦,4037054304359944,高级风筝7RX
找几个嘴硬的网友去除雪，作为湖北人，深知此次冰雪有多大，高速肯定会被困，,101326818631,俊俏雪碧u9u
冻雨，湖北专利产品！,54521248366,沉着微风也愤怒
好好好，我们知道了，直接说百年一遇还是千年一遇吧,22754951768,你我都爱她
愿所有人都能平安回家！,61599308862,我爱婠婠
昨天搬运断了的树枝到凌晨，一条街就装了十车。在武汉活了一辈子没见过这种,62434019894,烟头di温度
在替湖北科普冬雨,3412532297742808,左下方
国家气象局已经提前发出预警了[灵光一闪]个别管理者没当回事[灵光一闪]没有提前制定应急预案，灾后执行缓慢[捂脸]把锅全甩给百年一遇的气候[捂脸],3934513059075475,言之有挖李
又是一场天灾,52115208970,优美沙滩jm
那你在干嘛,1950976013,指间沙610562407
你确认这个是真实的吗？,51362934889,祥和纸品有限公司
这景色美的很[赞],4257754224531464,正大光明麻酱E
这应该在山区,50410471531,春花秋月159975327
穿着新买的衣服去无人村干嘛？,92400982461,一路同行岁月静好
哈哈小小雪。就怕了么？。那每年东北，西北农民咱办？？？。,2326207941843780,博学的云朵Ox
下雨的那两天整好是周未双休，等两天怎么了。。。。,61117956418,放香菜的豆腐脑
实地探访湖北冻雨有多厉害？,3784939489212909,乘风破浪的铅笔KN
包浆了[捂脸],3051845552444477,豁达雪碧VC
湖南一个样,1433416493178957,山口泉水
太恐怖了吧！旅客怎么办，团圆饭还吃不吃了,50032412979,快乐的松鼠mn
南方冻雨比北方大雪灾害大得多，南方湿度大，下雪就是形成冻雨，而北方是干冷，下雪是雪花软,13620805418,魔法荷叶EJ
很多人都在喷，喷的人有几个经历过冻雨？看到本地人发的那些视频，就感觉冻雨和雨雪还是有很大区别的，打个不恰当的比方，雨雪相当于在路上撒泥土石子，冻雨像火山泥趟着趟着就凝固了,109073001458,用户9598295445151
雪是什么样子的？只能在电视上看到,465785347384859,勇者香瓜Cx
几十年没见冰溜溜了。,2626088474787411,自强不息柑桔7W
那个叫冰锥吧,2159059051480782,阿纳斯1982
我给河南点赞，我给电力局点赞，电力局没有科普冻雨,4729009966,朝气蓬勃的拼搏
两地交接处，怎么解释？？？,2982288948989662,爱音乐玉林5q0
拍的好老百姓难不难[赞],2313794694681176,用户4938333752533
只突出困难，不提办事不力，不说解决方法,3636642448,余生皆繁华
给我们凉山太阳☀️移点过去[可爱][可爱],65207825540,XFHL会姐
记者去那里查电表的！,1844286754,pb741015
不去接触民众，体会人间疾苦，到无人区干什么？,1864375989182348,自由的面条MuW
是真的冻雨，早上6点还是冻雨，一会就大雪，冻雨一下车立马冻住，雪也来了，非常滑，我们三环上班都滑的不行,105735569517,对面的朋友你看过来
,2598863215799607,我姓董确看不懂你
你去个有人地方,185178291442583,奇妙西柚o6
不用花钱去哈尔滨看冰雕了！,3768744278499367,随性自由的小羊Fo
小时才见过这种冰棍[大笑],105554505855,一心一意雪碧AF
雪灾阻归路白毛雪没完没了，刺骨风如影随形。相思人愁肠百结，归乡路雨打浮萍。,106124255248,正直熊猫jC
湖北真的高冷，我信了。,51824359150,博远Los
怪不得我这么冷[捂脸],106283491581,积极的云朵
[祈祷],1657714178531548,上山顺红薯
河南在除雪清障，湖北交通厅领导在核实情况，稍等稍等,94259672036,中文会一点777
冰凌，温度极低的情况下会出现。广东从没有见到过。,51824359150,博远Los
自然灾害面前就是要注意安全[赞][赞][赞][赞][鼓掌][鼓掌][鼓掌][鼓掌],2598845628560963,多才花猫KE
专家不是说今年暖冬吗,12710064803,潇洒沙滩pX
不要光想着困难，要想着解决办法！,68805361790,曾经音味爱
这算个什么，我小时候一到冬天都是这样,66006650140,博学辰星Oj
好了好了，很严重，全宇宙最严重，行了吧[石化][石化][石化][石化][石化][石化],63683409337,心之所向无敌
小时候的景象,100005296809,蚌壳山上看星辰大海
记者去那里查电表的！,1844286754,pb741015
你走错地方了,1598816283,醉凡尘
08年年比这个更严重，记忆犹新,2212683081070174,一丝不苟冰淇淋yh
湖北成西伯利亚了,76762008401,元气小猫喵6
[祈祷],1657714178531548,上山顺红薯
全力保障民生，让老百姓安心过年。,109169473849,雨轩780113
看到无人村想起了楼兰古国的灭亡。有没有这种可能:他们都响应号召拆迁了,3100241898506916,富足菠萝057
我给河南点赞，我给电力局点赞，电力局没有科普冻雨,4729009966,朝气蓬勃的拼搏
不用去哈尔滨了！[捂脸][捂脸][捂脸],1805851109369972,小花园大梦想
困难，确实困难。大家都看见了。也理解。确实很难。现在当务之急，是怎么除冰，拿出方案，立马执行。让滞留高速的人们尽快回到家。,60006381986,云淡风轻心怀乐观
河南在除雪清障，湖北交通厅领导在核实情况，稍等稍等,94259672036,中文会一点777
哈哈小小雪。就怕了么？。那每年东北，西北农民咱办？？？。,2326207941843780,博学的云朵Ox
[祈祷],1753080526547651,李小胖
后天[捂脸],52367905317,渔人渔鱼
湖北没有做好预案，雪刚下的时候，高速路就开始清理，就会好很多，,3145017698559839,活泼圆月0i
自然灾害，没办法，等升温吧？,3900661520677203,八月天的天
[吃瓜群众][吃瓜群众][吃瓜群众],92947021656,淡淡烟草味yc
湖北这几年怎么了,3984282661427544,聪慧叶子L73
湖北的冰冻雪好历害啊！,61590715639,平安顺利好运来临
还是小时候见过[捂脸],6037482102,小熊的海螺
越描越黑 [捂脸],55826142537,宝贝琪琪20
[祈祷]湖北老乡别着急哦，假期多歇几天吧[作揖],3434505903806536,周末观茶
湖北还没有暖气，不容易啊,111507715665,用户5931185526562
忙着科普呢[呲牙],3966687058856088,农村走出来的农民工
,53366624692,豆负脑
高速上堵三天了在湖北境内，上高速报道一下不行吗？,2044710342369726,足智多谋风筝Au
河南是不是不结冰？,110075288306,城市农夫4j1Y
记者帅哥辛苦啦！[赞][赞][赞],1671708580779839,雁过云烟影视
转发湖北冻雨现场，难得一见！,59052786099,梦想总要有
这个是哪里？江苏吗？,782492182774087,安海疆
湖北这次冻雨太严重了，好多亲人在回家的路上回不了家，我有个同学的女儿被滞留在长沙不能回来，准备返程回广州了[捂脸],4694890755,阳光灿烂7C6
湖北还要不要争一个全国最佳枢纽，[捂脸][捂脸],6692458560,大湾区华塑哥
让我想起了08年的冰灾 还是有点严重的,3225848652,亮城攻月
冻雨落在地面十秒就结冰 撒盐 撒融雪剂 化成水后 十秒又结成冰 路面温度低于等于零度 就无限循环 除非路面温度升高,106879674279,II3445
穿这么厚，实际也不冷啊。,5914417309,轩云84
应该给高速路供暖 就不会结冰了,597782868016055,用户4770593400440
冰挂,68106562409,光眯俊眼1420
主播的手也冻的不轻啊！[赞],2827599444444795,鸿雪白芽
龚只鱼我不香信你小时候没烤过🔥,52373406100568,勇者松鼠Y4
人们从历史事件中吸取的经验就是:人们从来不吸取经验！[捂脸][捂脸][捂脸][捂脸][捂脸],92833499594509,石手肖走
这次冻雨让湖北人开了眼界[呲牙][呲牙][呲牙]咋不上高速上去拍拍,3591475849333612,富足小鱼0L3
无人居住你往那里跑什么[捂脸],3671537660,littlexcar
记住你怎么过去的！高速飞机都瘫痪了,105540079317,玩神魔灯塔132236
这么长的冰凌，得有多冷啊，还好是无人居住的。,3689553113910532,安庆孝肃路助听器
如果茶区发生冰冻，哪么，象南方杭州及福建的茶区的损失是无法用语言來表述的！❄️❄️,2827599444444795,鸿雪白芽
全国各地都有雾凇和冰雕来东北看啥？,96703359600,大笨钟
冰封大地冥王星到来的世界,93066015628,紫仪音悦
[给力][给力][给力][给力][给力][给力],1881991173911901,勇敢的明月IC
和河南交界处的冻雨不大！？,81797716916875,优雅鲸鱼dgg
下雪就开始清理绝对没事,2581290785967575,伊凡白
你作为记者难道没安全意识呢万一电表漏电呢，当然你应该说这里断电,6020862936,群分类
很官方！我们信了,58747300918,凹特曼的小怪兽
不要只看一面，湖北也很努力了,4021211711,吃了我的辣条还想跑2
冻雨🌧是真的，把我冻在高速上不管不顾也是真,3267339037966536,淡了忧伤1987
郑州的雪，冻雨偶尔下了会就又是雪花了。本次报的黑糊糊的暴雪没啥冰溜子，倒是之前下的那场雪很多很长，但最长也就半米，湖北这次天灾确实很严重，交管部门也没做好充分准备是真的[笑哭],5809149712,隋卓宁
,237963710327821,佳沐66
收到！好大的雪！[呲牙],2767942128,沼译中爬行
一群人该去耍了，拍照旅游,5923530291,Icoemback嗖
寒冬也是美丽的风景 冬天就该这样,91610793745,飞聊325
应该到高速上说说,4340471041106788,chera
海拨多少？小伙子有点气短啊,5924688192,寒鸥
雪不可怕，凍雨真的曆害，沒法清除的,59666903258,好学星空972
人定胜天不提了[灵光一闪],4164604848255191,咖啡豆爱上咖啡机
这种冻，在上世纪六七十年代太普遍了！,6276628612,平84237090
高速上那么多人挨饿受冻不去，来无人居住的地方干嘛？,75956762434,神秘小鱼us1
戴好头盔,68606662217,洞庭湖老麻雀李
到高速和街道上去看一看。,95036656223,70峰哥
我东北的，上学那会，下大雪，马路都是学生，公务员铲的,1196689566232880,尼古拉斯丶德纲ING
和我们这里一样都结溜冰了,3355343123907735,用户9127331021314
,106120068619,用户6039659648987
那事先怎么没做好准备,22930423038,光之影26
[呲牙],12713144016,vampire2017
,106120068619,用户6039659648987
历史给出的教训就是从不接受历史教训！,6394550790,谁便看看a
好像流浪地球,571335865285719,渝一燕姨
[捂脸],2312973688507927,穆然OuO
真会找，无人居住村,1050736538433592,蓝海定位营销
记得08的冰冻雨雪灾害也很严重，房檐的冰条挂很长，电线上包裹厚厚一层，解冻的时候走路都得当心点。,4438081732623000,独一无二剑
湖北冻雪确实大,206324797025547,新宇互
为啥无人居住嘞,105932443916,清爽雪梨cTD
解释下,59423979453,折大哥饶我狗命吧
无人居住的村庄,699725997420957,都市驿人
[赞][赞][赞][赞][赞],3350902641010830,全心全意
小时候这个经常看到，现在很少看见了。,64274469743,镇江大市口立聪堂
[祈祷][祈祷][祈祷],8758165467,奋发有为的爱心
雪容易清扫，冰不好清除，冻雨更不好处理。我是长期居住在北方的南方人！,75599714377,吉祥老孙6677
用精神念力摧毁冻雨，加油，强大的精神念力,2239085165674695,西出阳关无故人Jasper
虫卵都冻死，来年大半收。,2476519738574807,丁猫
你是怎么找到那个深山老林的村的？,1912738311571427,用户9179790523090
高速需要你,2867952521585056,青雷
辛苦记者了，好不容易找到个教育景点,17234769750612,优美花猫klZ
冻雨是真的，不作为也是真的！,78051322671,爱馨馨宝贝3
想起了08年的雪灾,21529966811,早起顶被子
从每一次雪灾中吸取教训，制定合适的应急预案。,2031512653142637,简心素冰
这次冻雨灾害又得给人们造成重大损害，本来人们这两年的生活已经够苦的了，哎,98801695181,朴实书签8pw
你咋去的那个村，是高速过去的吗,5975236649,呓语73891924
冻雨[捂脸][捂脸][捂脸]别解释了，太丢人了,105428133213,你本该是我的新娘
了解大自然的都会知道，更会谅解,4371285096275984,华寻唐
去荆州看看，基本上蔬菜大棚全部压塌了,51627731366,乐航9
搞不懂，零下两度左右怎么会冻成这样？看场景感觉像时是在东北零下20℃,98665155449,卡尼吉亚迪马利亚
虽然无人居住，但……这句有什么关联吗？,59162005508,用户9681278065561
报道一下高速公路为啥堵车吧,3148625147863741,爱吃菌子的昆明人
你能不能赶紧回家，注意安全,2484537010160395,热闹天空saR
,3897899236,板沙哥
早点清理能堵吗,3051871738008909,多才多艺金桔2F
湖南也是这样，树上一条条冰，鱼塘里水上一层厚厚的冰，对南方来说近几十年都没有过,3724735835802995,石榴红了nKp8
这才叫凛冬已至,1207713988613257,蓝染先森
冻雨属实，不作为也属实[捂脸],2216221924136168,头条林林
估计那些喷子是没有经历过冰冻灾害的人，经历过08年冰冻和正在经历冰冻的人，才能理解面对灾害是多么的有心而无能为力，为抗击灾害的各线人员点赞，希望都能平平安安,1758855150189143,敏锐春风Idp
嗯嗯，冻雨，知道了！冻雨！,4495690557,水清沙白椰林树影
那么多人都堵在高速公路上，你跑去一个无人居住的村庄报道科普冻雨有多厉害，真的想不明白这是为什么，新闻报道不应该是去最需要发声的地方吗[what][what],4388870666335423,简单的枫sf
沪蓉、沪渝高速堵车，国道346堵，导航都导到红安县二程镇，希望大家不要走这条路，有三公里全是雪压成的（和土洼不同），有很多水氹是部分雪融化成的。对人的技术心里都是非常大的考验。,60836188394,老檀大叔
冻雨属实，但从一开始就不清理，自然就越积越厚，越积越多！河南省做的不错，还能支援湖北，怎么回事？,2914163548752619,足智多谋饼干a
冻雨多见少怪，自然观律,100505720872,车红
你看看隔壁河南的信阳，同样的情况，在人家那边 为什么高速公路没事？,51663360518,新能源汽修专家
转发了,6979222021,十月668
转发了,4380091658022798,兔子科普
转发了,3677244595649431,用户2194215264620
转发了,58562067316,礼民577
转发了,91610793745,飞聊325
从08年到20年疫情武汉没有任何长进！专家和管理单位都在普及冻雨知识！,86760441245,黑夜的执著
你要表达什么[灵光一闪][灵光一闪][灵光一闪][灵光一闪][灵光一闪],92867406975,感谢有你6963
转发了,3562018932002563,聪颖星球j3
转发了,1838026088785310,命运由己不由天1999
转发了,54929632777,heyongli1
转发了,13153195859,一丝不苟西柚n
转发了,1315438626099540,爱生活的听她说人生
转发了,92915131058,友爱湖泊6p
湖北是全省全境冻雨，河南就只有信阳部分地区冻雨 能一样吗？ 河南全省的资源可以集中到信阳一个地方 而湖北却没办法集中资源，况且河南在北方 除雪的装备和物资肯定更加完善,62388390103,哟1嚯
转发了,104811189783,我是老殷
转发了,53455016204,ANDYBILSTEIN-刘兵
转发了,3267390219749976,富足糯米0O
愿大家平平安安！[祈祷][祈祷][祈祷][祈祷][祈祷][祈祷],52533162188,百事可乐清风许来
转发了,92819618002,薇薇姐姐可可
转发了,4444663863314435,小德子
转发了,1311074150261352,天堂的眼睛wkIP
转发了,6827010788,天亮19
转发了,3148625147863741,爱吃菌子的昆明人
转发了,11172962843,13997809271
郑州7.20暴雨严重吗？怎么处理的？拿冻雨承担一切，要你们何用？,4481313882,怡德老者
湖北官方太被动！太令人失望！,110679809786,缤纷香瓜sc
怎么没有看到那些说湖北不作为的人去做志愿者呢？那些人的嘴比冰硬吗？有本事的有爱心就出来走二步，人呢？都去哪里啦？,145555815400179,山鹰
这是我们河南的冰溜子，而且是郑州市区的，所以别解释了，我们郑州一早起来马路上就没雪没冰了,4377416104,黑洞发言人
不作为不要给自己找理由,3900707600087431,操旦人生
没有提前预案，出了问题又不及时解决，事后还在找借口，丢人不？,106004784068,勇者鲸鱼77m
没有人去去采访，高数路上不去。扯淡,2739570973348236,春天来了2008
不要只会敲键盘，你当湖北往年没下过雪，以前没铲过雪？为什么往年没出现今年这样的情况，再想想08年的雪灾，几乎全国各地都这样，也是冻雨加暴雪，那是清理的问题吗？,52890007621,sailor69
湖北一场疫情都变傻了,61717213878,海然海然1376
有推卸责任的各种宣传的时间和心思，早就吧路清干净了！,100248290437,桃子大地
雪下带暗冰，一步摔三跤，骨质疏松别逞能，容易摔骨折！,1297061422052536,云口一刀
这个时候那些贪官就要派去除雪,523842193197480,阳光西术
工具人可耻,3424095854,太空星球小王子
不去报道高速情况跑特么无人区报道个啥 是寂寞吗,729702037994792,龙行百川润泽万物
打脸不？再来个东北人最有资格怼他们,3619196756044718,同城数码电器
没有感受过冻雨的，可以去感受一下,67518418469,蟑螂哥有蟑螂药
真会找地拍视屏、,1266231108178335,奋发有为风声mx
真会找地方[我想静静],2269812120096120,鉴别真人
还不如东北呢,4029064059040324,一点相思半点红
央广湖北记者站这么喜欢搞笑？怎么不去罗布泊拍呢，那里是无人区。。。,914395684429261,狂喷不已
意思是国道也受灾，但是管理部门可以提前管控高速和国道！,3902287705,太白2018
冻雨十在厉害，河南没这么严重，所以请理解，不要拿湖北和河南比，来制造两地矛盾,97013172155,含蓄4m9Z
冻雨天气，对电力运行，危害不小！,2518341609330108,昆仑翁说古道今
堵的太严重了,556787449212155,小姐姐诶
冷🥶🥶🥶🥶,2656890132892136,极速叶子7k
这都几天 还没通？,1533197664654288,润宇
多厚都不是造成高速拥堵滞留的理由！难道火灾的火很大就不救援了？难道敌人太多仗就不打了？难道下冻雨了，湖北的高速管理公司就不发工资了？,4350140795590084,几悟思维
转发了,1315438626099540,爱生活的听她说人生
湖北厉害，央视都出动了[黑线]到无人区科普一下冻雨。,60516951918,山河红火
[祈祷],52623939337,跳石溪
没修建三峡大坝以前，长江以南下过雪吗？,53050809020,俊俏面条Rp
还在科普，行动了吗？,1829207273389904,海哥野史
这么大的冰雪，应采取措施清扫！全民大扫雪，人多力量大！,3082661912906391,开心就好9r7u
开车遇到冻雨雨刮器什么样的给喷子说说,56703792588,随风150051724
真的假的？他们湖北有这么冷[捂脸][捂脸][捂脸][捂脸][捂脸]什么时候的事,405094978295645,潇洒饭团uK
正常,52281444708,北方南风
你咋去的那个村，是高速过去的吗,5975236649,呓语73891924
高速需要你,2867952521585056,青雷
为什么强调无人居住，你们怕什么，怕破房子丢人，你去看看哪个村没有穷苦孤寡老人住,1068349560718840,我把你紧紧拥入怀中
你就不能去有人的地方拍？无人的地方有什么用,2867952521585056,青雷
棍棒不打到自己身上，自己永远不会知道疼，看看那些无知无脑的喷子们,86046597042,赤行蚂蚁
又境外势力？,52520022933,幽灵绵羊
你采访这些有什么用？我要你去拍这些东西吗？我网上到处都看不到。我要你反映情况！有人救灾没！,3280560269,柳潇霖to
干点活吧，不用你报道，抖音上叨叨的不比你强吗,17947592018,大头小丸纸
湖北文旅留不住你 难道湖北高速还留不住你？ 谁也别想走[发怒],2955301177,我是你队长阿威啊
应该给高速路供暖 就不会结冰了,597782868016055,用户4770593400440
[吃瓜群众][吃瓜群众][吃瓜群众],92947021656,淡淡烟草味yc
高速不除冰封路，你来村子里在这欲盖弥彰呢？,4399976211,开心驿站房车胶囊
后天[捂脸],52367905317,渔人渔鱼
困难，确实困难。大家都看见了。也理解。确实很难。现在当务之急，是怎么除冰，拿出方案，立马执行。让滞留高速的人们尽快回到家。,60006381986,云淡风轻心怀乐观
人家扫雪，你来除冰,58543319824,言不由衷
不用去哈尔滨了！[捂脸][捂脸][捂脸],1805851109369972,小花园大梦想
[祈祷],1657714178531548,上山顺红薯
记者去那里查电表的！,1844286754,pb741015
没看明白，你想干啥？,3606033761058477,不凡天空jDU
那个叫冰锥吧,2159059051480782,阿纳斯1982
湖南一个样,1433416493178957,山口泉水
你去这鸟不拉屎的地方干嘛呢？,4393239040244108,hj垚垚
这个记着能不能干点实事？跑去无人区报道新闻干嘛？,716486214692867,梁永可
极目楚天输,5530478534,Dancingwolve58587327
这和湖南耒阳08年那样的冰灾造成生活出行困难，基础设备损坏。,54920493678,豁达宇宙TP
天灾天灾……[石化][石化][石化],87030438825,足智多谋菠萝z
只突出困难，不提办事不力,65239050057,朝闻骊歌
愿大家平平安安！[祈祷][祈祷][祈祷][祈祷][祈祷][祈祷],52533162188,百事可乐清风许来
行动迟缓。后来没有办法了,61888272436,金华61888272436
转发了,3677244595649431,用户2194215264620
赵本山还在上春晚的时候，具体是哪一年不记得了，那年大年夜也是冻雨，很多人也是被困在了回家路上,123597695760647,高级沙雕80后
专门挑选最偏僻的地方是什么意思,110277683871,时刻报告
真是笑话，说废话科普不如去救灾,101258786659,淡定可乐ed
确实很严重了[赞],100666707879,德库拉本尊
从08年到20年疫情武汉没有任何长进！专家和管理单位都在普及冻雨知识！,86760441245,黑夜的执著
去除雪吧,59390182559,微言管见
胡求喷,176338365319454,用户80093551468
无人居住，去解决什么困难呢？,95991869130,华盈猛犸艺术
拿个无人居住的村庄来证明冻雨有多厉害我也是醉了，你这是在摩擦全国人民的智商吗？,4066444610899867,英雄有梦
真是闲的蛋疼,110698834011,99王大锤99
如果可以，给堵在路上的人每人发一把铁锹，大家会主动铲雪吗？,61581263865,天天想你185807615
到高速和街道上去看一看。,95036656223,70峰哥
不得不说有冻雨隔离层，今年雪花挺干净的。,64530157002,蒸鸡守稻
河南在除雪，湖北在科普,3615629883474238,天赋明珠
去我们天门看一下[灵光一闪]雪有多厚，膝盖都过了,58842161841,星河是伱
工具人可耻,3424095854,太空星球小王子
一本正经的诉苦,5961584502,悠闲敞开胸怀任风吹
天上事有谁能拿它奈何？,4182164297749133,幽默溪流ag
湖北网友的嘴为什么这么硬？因为困的都是外地人，哈哈，困的是他保证他跳起来骂娘[呲牙],59245274621,反对瞎说八道
无人居住你报道有意义吗？,6725484096,热情的船帆eFv
生活还是华南f3好,298686472524286,朴实糯米lT
找几个嘴硬的给湖北做冻雨的科普,60232280120,时光煮雨YY
跑个深山老林没人居住的地方也是最严重的地方，没多大意思，这样的报道,100814994182,一心一意一轮船
不行全国人民再支援一波湖北吧，单靠湖北自己看着是真费劲。,3113514321,风暴6276999
"一周前的某天曾经大肆宣传说河南气象全黑，工作不到位，说大题小做？但是以最大情况预警，安排人力物力，保证年关，纵使横眉冷对千夫指又如何（不知道这句话还能在教科书不），我们依旧要守住京港澳、连霍及宁洛这几条交通大动脉，与人与己都方便。毕竟年关将至，没人比河南更懂各地游子归家之心，“老家河南，心灵故乡""。",3187571745,夢想無極限
天灾不可抗拒。,67955187592,天地良心3328
说什么都嗐说，紧急预案在哪？,1860006638523118,付欣晨9y3p
为啥不去高速！！！！！为破冰找借口吗？看看河南的高速！,110198171161,亲切帆船O
有东北冰雪大？,109092397944,太上皇话
天天科普冻雨！[大笑][大笑],85301365739,非常可乐752
湖北雪太大了。对出行可定有影响。,4256956986700199,诗意白云r
去无人居住的地方干啥啊,3509236041522221,洪宇视频
这次大雪对近些年的河南，湖北来说确实是非常罕见的现象，所以应急措施也有所差别。八十年代在哈尔滨当兵几年，每年都有三个月的时间对部队来说就是猫冬，很少有室外的训练，但是只要下雪，部队的任务就是除雪。零下近40度，除雪都是用镐头，铁锨配合才能有效果。所以对雪停路清有深刻体会！比如东北地区天天大雪纷飞，也没见类似的情况发生。,76316962498,不会起绰号
转发了,53455016204,ANDYBILSTEIN-刘兵
湖北啊，总让人家救，，大水靠重庆，现在高速都要靠河南了，,4237625490,雾里迷渝
衣服帽子不错,93147128273,平凡的40岁人生
带上头盔吧,2207453507225592,请给苏州一个机场
现在出了个冻雨一词，以前都没听说过,1932465041,空虚27067427
你去无人住的地方干嘛，怎么不去高速公路上去看看,3563095740,新疆沙漠胡杨
重回冰河时代！,108935519669,活泼扑克cO
记者科普冻雨[捂脸],50595139545,小麦148
老天爷真是让人无语，在春运出行最密集的时候下冻雨！,752539791003278,悠闲百灵鸟fi
冰溜子,2538148836412206,荷西呀现在
[赞],5991052879,瞅啥呢快跑
冷雨是气候低下的雨结冰，比下雪更危险,2942739901843591,智者布雷特9q3
南方的冻雨真是麻烦，给大家带来太多的困难了。,1104382612474167,洒脱海浪Pj
说点老百姓关注的事,73679320454,兵哥说工具
哇！看都冷，我们广西崇左市没见过下雪,1385858290421933,活泼山丘Pao
无人居住，谈什么灾害，区特么人居住地看呀,5761738499,大哥很拽
角色一换，是不是又要科普及百年一遇的暴雪？,4260885588,张瑾年01
作为工业国家，我不相信没有相应的工程机械去除这种冰吧,5745564194,夏日树下的微风
转发了,3562018932002563,聪颖星球j3
"冻不冻雨,先解决问题再说。群众眼晴是雪亮的,群众也是很包容的,把问题解决,也没人会死揪住不放。",3095831720495565,cross—rainbow
这是在给湖北找借口吗？？我就想问如果打仗了怎么办？还在说冻雨解决不了吗？？,100255181499,豫見卓玛
2008的雪灾,830875547473300,聪颖西柚rF
我已经几天上班没骑电动车，锁眼被冻住了，以前冬天从来没有这样过，措手不及，太突然了,110936587200,正直岑溪5J2
不要只会敲键盘，你当湖北往年没下过雪，以前没铲过雪？为什么往年没出现今年这样的情况，再想想08年的雪灾，几乎全国各地都这样，也是冻雨加暴雪，那是清理的问题吗？,52890007621,sailor69
这种冻雨最烦人,1626930868140288,聪颖精灵aP
南方的小土豆不是要去北方看雪么，这下好了，去北方看完回家也能看了哦,4037054304359944,高级风筝7RX
找几个嘴硬的网友去除雪，作为湖北人，深知此次冰雪有多大，高速肯定会被困，,101326818631,俊俏雪碧u9u
冻雨，湖北专利产品！,54521248366,沉着微风也愤怒
不作为不要给自己找理由,3900707600087431,操旦人生
好好好，我们知道了，直接说百年一遇还是千年一遇吧,22754951768,你我都爱她
愿所有人都能平安回家！,61599308862,我爱婠婠
在替湖北科普冬雨,3412532297742808,左下方
国家气象局已经提前发出预警了[灵光一闪]个别管理者没当回事[灵光一闪]没有提前制定应急预案，灾后执行缓慢[捂脸]把锅全甩给百年一遇的气候[捂脸],3934513059075475,言之有挖李
转发了,92915131058,友爱湖泊6p
又是一场天灾,52115208970,优美沙滩jm
最不干正事的记者。,53730352872,人生142553231
那你在干嘛,1950976013,指间沙610562407
你确认这个是真实的吗？,51362934889,祥和纸品有限公司
这应该在山区,50410471531,春花秋月159975327
穿着新买的衣服去无人村干嘛？,92400982461,一路同行岁月静好
湖北是全省全境冻雨，河南就只有信阳部分地区冻雨 能一样吗？ 河南全省的资源可以集中到信阳一个地方 而湖北却没办法集中资源，况且河南在北方 除雪的装备和物资肯定更加完善,62388390103,哟1嚯
小时候见过这么长的，茅草屋的屋檐,4270118809375437,无聊的时候做做手工
下雨的那两天整好是周未双休，等两天怎么了。。。。,61117956418,放香菜的豆腐脑
就嘴硬,86906869697,指间流逝、
人生病了，躺着等自己恢复吗？,4112908160,见字如面33554779
包浆了[捂脸],3051845552444477,豁达雪碧VC
希望人没有事,96883912057,清爽钢笔Roi
太恐怖了吧！旅客怎么办，团圆饭还吃不吃了,50032412979,快乐的松鼠mn
说吧，收了多少,2466946259368638,大学有料
南方冻雨比北方大雪灾害大得多，南方湿度大，下雪就是形成冻雨，而北方是干冷，下雪是雪花软,13620805418,魔法荷叶EJ
很多人都在喷，喷的人有几个经历过冻雨？看到本地人发的那些视频，就感觉冻雨和雨雪还是有很大区别的，打个不恰当的比方，雨雪相当于在路上撒泥土石子，冻雨像火山泥趟着趟着就凝固了,109073001458,用户9598295445151
这记者闲的，这景象东北常有不是新闻了，,58886547140,曲水流觞清波微淼
雪是什么样子的？只能在电视上看到,465785347384859,勇者香瓜Cx
几十年没见冰溜溜了。,2626088474787411,自强不息柑桔7W
别说了，快干吧,50806731337,博学多才的孔雀cb
真闲啊,78281207261,执着的清风Ds
你们是不是应该想尽一切办法解决道路的问题，而不是在这一个劲的提出各种各样的困难，困难肯定是有啊，但是不作为是不是更可耻？,100684853316,改为带上我去旅行
转发了,4380091658022798,兔子科普
两地交接处，怎么解释？？？,2982288948989662,爱音乐玉林5q0
带节奏，嗷啰的人真多。不知道什么是冻雨再回去读读书。,2933085828030190,ufc哈比布
拍的好老百姓难不难[赞],2313794694681176,用户4938333752533
只突出困难，不提办事不力，不说解决方法,3636642448,余生皆繁华
给我们凉山太阳☀️移点过去[可爱][可爱],65207825540,XFHL会姐
不去接触民众，体会人间疾苦，到无人区干什么？,1864375989182348,自由的面条MuW
是真的冻雨，早上6点还是冻雨，一会就大雪，冻雨一下车立马冻住，雪也来了，非常滑，我们三环上班都滑的不行,105735569517,对面的朋友你看过来
最烦的是不去除冰，在这解释推卸责任,88173051552,谨哦
乍不反映鬼仔埠的鬼世界呢？现在人心不古，观念及表现已步渣也渣。,51707155030,Zz123uVOs
,2598863215799607,我姓董确看不懂你
你去个有人地方,185178291442583,奇妙西柚o6
不用花钱去哈尔滨看冰雕了！,3768744278499367,随性自由的小羊Fo
小时才见过这种冰棍[大笑],105554505855,一心一意雪碧AF
雪灾阻归路白毛雪没完没了，刺骨风如影随形。相思人愁肠百结，归乡路雨打浮萍。,106124255248,正直熊猫jC
湖北真的高冷，我信了。,51824359150,博远Los
怪不得我这么冷[捂脸],106283491581,积极的云朵
转发了,13153195859,一丝不苟西柚n
今年雪下这么大，都冻成这样，怎么去解决,2212686436501496,机智的橘子O6V
这个记者，不去高速，去无人居住的村庄干什么呢,1376220430481804,用户9104327708975
七八十年代冬天不天天都这样,51639217724,东方一冉
怎么没有看到那些说湖北不作为的人去做志愿者呢？那些人的嘴比冰硬吗？有本事的有爱心就出来走二步，人呢？都去哪里啦？,145555815400179,山鹰
冰凌，温度极低的情况下会出现。广东从没有见到过。,51824359150,博远Los
转发了,92819618002,薇薇姐姐可可
自然灾害面前就是要注意安全[赞][赞][赞][赞][鼓掌][鼓掌][鼓掌][鼓掌],2598845628560963,多才花猫KE
专家不是说今年暖冬吗,12710064803,潇洒沙滩pX
下雪天，就是要停下来，慢慢走，你还要飞吗？买那么多除雪设备，十年能用几次，有必要吗？,3212870655,亲切百香果W6
这算个什么，我小时候一到冬天都是这样,66006650140,博学辰星Oj
好了好了，很严重，全宇宙最严重，行了吧[石化][石化][石化][石化][石化][石化],63683409337,心之所向无敌
小时候的景象,100005296809,蚌壳山上看星辰大海
你走错地方了,1598816283,醉凡尘
没有人了，还要电表箱干嘛呢，让鬼交电费吗,68714548803,蓝天雄鹰78
08年年比这个更严重，记忆犹新,2212683081070174,一丝不苟冰淇淋yh
湖北成西伯利亚了,76762008401,元气小猫喵6
全力保障民生，让老百姓安心过年。,109169473849,雨轩780113
看到无人村想起了楼兰古国的灭亡。有没有这种可能:他们都响应号召拆迁了,3100241898506916,富足菠萝057
想起了08年的雪灾,21529966811,早起顶被子
辛苦记者了，好不容易找到个教育景点,17234769750612,优美花猫klZ
小时候这个经常看到，现在很少看见了。,64274469743,镇江大市口立聪堂
[赞][赞][赞][赞][赞],3350902641010830,全心全意
转发了,1838026088785310,命运由己不由天1999
戴好头盔,68606662217,洞庭湖老麻雀李
海拨多少？小伙子有点气短啊,5924688192,寒鸥
一群人该去耍了，拍照旅游,5923530291,Icoemback嗖
行了下这点破雪左一次右一次的说起没完没了难道说除了这点破零在没有比这更重要的事,55942754785,正大光明青山dJ
专家了？上啊[呲牙][呲牙]，你们点子多[呲牙][呲牙][呲牙][呲牙][呲牙][呲牙][呲牙][呲牙],3204440857531831,遗落的星星
无人居住你往那里跑什么[捂脸],3671537660,littlexcar
忙着科普呢[呲牙],3966687058856088,农村走出来的农民工
越描越黑 [捂脸],55826142537,宝贝琪琪20
这是我们河南的冰溜子，而且是郑州市区的，所以别解释了，我们郑州一早起来马路上就没雪没冰了,4377416104,黑洞发言人
还是小时候见过[捂脸],6037482102,小熊的海螺
湖北的冰冻雪好历害啊！,61590715639,平安顺利好运来临
自然灾害，没办法，等升温吧？,3900661520677203,八月天的天
湖北没有做好预案，雪刚下的时候，高速路就开始清理，就会好很多，,3145017698559839,活泼圆月0i
[祈祷]湖北老乡别着急哦，假期多歇几天吧[作揖],3434505903806536,周末观茶
湖北还没有暖气，不容易啊,111507715665,用户5931185526562
,53366624692,豆负脑
高速上堵三天了在湖北境内，上高速报道一下不行吗？,2044710342369726,足智多谋风筝Au
河南是不是不结冰？,110075288306,城市农夫4j1Y
记者帅哥辛苦啦！[赞][赞][赞],1671708580779839,雁过云烟影视
转发湖北冻雨现场，难得一见！,59052786099,梦想总要有
这个是哪里？江苏吗？,782492182774087,安海疆
湖北这次冻雨太严重了，好多亲人在回家的路上回不了家，我有个同学的女儿被滞留在长沙不能回来，准备返程回广州了[捂脸],4694890755,阳光灿烂7C6
湖北还要不要争一个全国最佳枢纽，[捂脸][捂脸],6692458560,大湾区华塑哥
让我想起了08年的冰灾 还是有点严重的,3225848652,亮城攻月
不去高速路，你来这里干嘛？,61675064880,几度春秋sadnes
冻雨落在地面十秒就结冰 撒盐 撒融雪剂 化成水后 十秒又结成冰 路面温度低于等于零度 就无限循环 除非路面温度升高,106879674279,II3445
穿这么厚，实际也不冷啊。,5914417309,轩云84
公知强你没靠过🔥吗,52373406100568,勇者松鼠Y4
这是（后天）电影吗？,92297585807,优美香瓜a5
冰挂,68106562409,光眯俊眼1420
主播的手也冻的不轻啊！[赞],2827599444444795,鸿雪白芽
转发了,4444663863314435,小德子
龚只鱼我不香信你小时候没烤过🔥,52373406100568,勇者松鼠Y4
哈尔滨政府要是遇到这样的天气，会发公告企事业单位，学校，幼儿园，停工停课。就是为了减少道路车辆，给大型铲雪车作用，提纲方便。,101282771162,烙印留痕迹
昨天搬运断了的树枝到凌晨，一条街就装了十车。在武汉活了一辈子没见过这种,62434019894,烟头di温度
没有人去去采访，高数路上不去。扯淡,2739570973348236,春天来了2008
无人居住采访什么,325055220294359,自由的水滴啊啊啊啊
记住你怎么过去的！高速飞机都瘫痪了,105540079317,玩神魔灯塔132236
这么长的冰凌，得有多冷啊，还好是无人居住的。,3689553113910532,安庆孝肃路助听器
如果茶区发生冰冻，哪么，象南方杭州及福建的茶区的损失是无法用语言來表述的！❄️❄️,2827599444444795,鸿雪白芽
全国各地都有雾凇和冰雕来东北看啥？,96703359600,大笨钟
冰封大地冥王星到来的世界,93066015628,紫仪音悦
[给力][给力][给力][给力][给力][给力],1881991173911901,勇敢的明月IC
和河南交界处的冻雨不大！？,81797716916875,优雅鲸鱼dgg
下雪就开始清理绝对没事,2581290785967575,伊凡白
你作为记者难道没安全意识呢万一电表漏电呢，当然你应该说这里断电,6020862936,群分类
很官方！我们信了,58747300918,凹特曼的小怪兽
不要只看一面，湖北也很努力了,4021211711,吃了我的辣条还想跑2
冻雨🌧是真的，把我冻在高速上不管不顾也是真,3267339037966536,淡了忧伤1987
郑州的雪，冻雨偶尔下了会就又是雪花了。本次报的黑糊糊的暴雪没啥冰溜子，倒是之前下的那场雪很多很长，但最长也就半米，湖北这次天灾确实很严重，交管部门也没做好充分准备是真的[笑哭],5809149712,隋卓宁
你来个没有人住的地方看这个有啥用？都没有人气，它不结那么长的冰柱！,3619213442826136,优雅暖阳nSV
,237963710327821,佳沐66
收到！好大的雪！[呲牙],2767942128,沼译中爬行
转发了,91610793745,飞聊325
我第一次听说冻雨，孤陋寡闻了,50049068492,有点东西Zzz
寒冬也是美丽的风景 冬天就该这样,91610793745,飞聊325
应该到高速上说说,4340471041106788,chera
雪不可怕，凍雨真的曆害，沒法清除的,59666903258,好学星空972
人定胜天不提了[灵光一闪],4164604848255191,咖啡豆爱上咖啡机
这种冻，在上世纪六七十年代太普遍了！,6276628612,平84237090
高速上那么多人挨饿受冻不去，来无人居住的地方干嘛？,75956762434,神秘小鱼us1
你看看隔壁河南的信阳，同样的情况，在人家那边 为什么高速公路没事？,51663360518,新能源汽修专家
这个时候那些贪官就要派去除雪,523842193197480,阳光西术
和我们这里一样都结溜冰了,3355343123907735,用户9127331021314
,106120068619,用户6039659648987
那事先怎么没做好准备,22930423038,光之影26
[呲牙],12713144016,vampire2017
,106120068619,用户6039659648987
历史给出的教训就是从不接受历史教训！,6394550790,谁便看看a
好像流浪地球,571335865285719,渝一燕姨
[捂脸],2312973688507927,穆然OuO
你不去高速，去无人村搞个毛啊[发怒],55090712357,口条哥哥
真会找，无人居住村,1050736538433592,蓝海定位营销
高速路上防冰雪的铲冰雪装备是长期必备的，湖北的别再强调客观原因，每说一句一个字，就是括自己一嘴巴,6914070147,haowark
记得08的冰冻雨雪灾害也很严重，房檐的冰条挂很长，电线上包裹厚厚一层，解冻的时候走路都得当心点。,4438081732623000,独一无二剑
我草，这么厉害,1965523576831043,亮仔动漫社
湖北冻雪确实大,206324797025547,新宇互
为啥无人居住嘞,105932443916,清爽雪梨cTD
解释下,59423979453,折大哥饶我狗命吧
转发了,11172962843,13997809271
无人居住的村庄,699725997420957,都市驿人
湖北年年有这种情况，为什么不预防？,3306924053111559,俊俏饭团jeL
[祈祷][祈祷][祈祷],8758165467,奋发有为的爱心
雪容易清扫，冰不好清除，冻雨更不好处理。我是长期居住在北方的南方人！,75599714377,吉祥老孙6677
无人居住你在那里采访个毛，去有人的地方看看，有什么需要帮助的吧,100404770159,hetai56
用精神念力摧毁冻雨，加油，强大的精神念力,2239085165674695,西出阳关无故人Jasper
虫卵都冻死，来年大半收。,2476519738574807,丁猫
你是怎么找到那个深山老林的村的？,1912738311571427,用户9179790523090
主要是准备预安不足 导致大量人员滞留在高速路上,6692193425,小时光
冻雨是真的，不作为也是真的！,78051322671,爱馨馨宝贝3
无人区还报导什么？,3676356479030222,用户2091348482418
从每一次雪灾中吸取教训，制定合适的应急预案。,2031512653142637,简心素冰
没有提前预案，出了问题又不及时解决，事后还在找借口，丢人不？,106004784068,勇者鲸鱼77m
这次冻雨灾害又得给人们造成重大损害，本来人们这两年的生活已经够苦的了，哎,98801695181,朴实书签8pw
洗地的！,1912800310725933,馮雪晨2009
北方的朋友需要理解一下，冻雨加雪，确实和北方大雪不一样。但老百姓看到的是管理者的做为究竟在哪里？高速路车不动堵上百公里，反正我是没看到大型机械和动员大量人员铲冰除雪的报道，再如也没有动员高速沿线各村镇保障被困人员的报道。说白了，态度决定一切，还是不够重视，没有可行的预案，片面认为就下两周的雪，哪管你们开车的堵成啥样，坐办公室等天晴。,69599213400,Running man
了解大自然的都会知道，更会谅解,4371285096275984,华寻唐
去荆州看看，基本上蔬菜大棚全部压塌了,51627731366,乐航9
搞不懂，零下两度左右怎么会冻成这样？看场景感觉像时是在东北零下20℃,98665155449,卡尼吉亚迪马利亚
转发了,3148625147863741,爱吃菌子的昆明人
报道一下高速公路为啥堵车吧,3148625147863741,爱吃菌子的昆明人
你能不能赶紧回家，注意安全,2484537010160395,热闹天空saR
湖北下雪湖南下雪河南下雪就是江西不下雪,3069428101298551,发财树896
早点清理能堵吗,3051871738008909,多才多艺金桔2F
湖南也是这样，树上一条条冰，鱼塘里水上一层厚厚的冰，对南方来说近几十年都没有过,3724735835802995,石榴红了nKp8
这才叫凛冬已至,1207713988613257,蓝染先森
冻雨属实，不作为也属实[捂脸],2216221924136168,头条林林
估计那些喷子是没有经历过冰冻灾害的人，经历过08年冰冻和正在经历冰冻的人，才能理解面对灾害是多么的有心而无能为力，为抗击灾害的各线人员点赞，希望都能平平安安,1758855150189143,敏锐春风Idp
转发了,58562067316,礼民577
是一道美丽的风景，但又充满安全隐患。[奸笑],58562067316,礼民577
国家不是有氢能源小太阳吗？来9颗小太阳，保证我不把☀️射下来[比心][比心][比心][比心][比心][比心],3632434425380216,开心小散仙
冻雨属实，但从一开始就不清理，自然就越积越厚，越积越多！河南省做的不错，还能支援湖北，怎么回事？,2914163548752619,足智多谋饼干a
冻雨多见少怪，自然观律,100505720872,车红
极端天气越来越频繁了,84254179319,善良真诚可乐Ku
无人居住你去干嘛？,75752514005,再来一杯小鸟伏特加
记得小时候也是这样的情景,2383352035070623,对那刻开始
这冰冻雨雪天气来的真不是时候，这大过年的，希望大家一切安好，早日回家团圆。,5681999579,花解语61194702
这种天气在我小时候每年冬天都是如此啊,2897908289774168,有幸遇见安好
这么严重[祈祷][祈祷][祈祷][祈祷][祈祷][祈祷],896838301661456,用户4269330451380
就他们那一个村，我就是灵乡的，,25763249166,_这份爱
,3979876956112839,唐汉子民
转发了,2334990916127831,快乐星球OSC
,3979876956112839,唐汉子民
[给力][给力][给力][给力][给力],37827954637960,雪菡
,3979876956112839,唐汉子民
,3979876956112839,唐汉子民
完了，不宜人类居住了,3993023867531469,五月花008
,3979876956112839,唐汉子民
跟08年差不多，08也是这种冰雪,111030019179,koma班
坦克挂上除冰器上路吧,54345318589,豁达的认真的葡萄wf
,3979876956112839,唐汉子民
,3979876956112839,唐汉子民
我们小时候都是这样的。,82118226995,小公举的暖棉被
自然灾害，无人可挡！,5959141186,性情中人73040958
,3979876956112839,唐汉子民
别在给自己湖北找借口，我们河南也是这样，路呢畅通，,93155380657,老K9387
不是说风凉话。根据天气预报应该早就该撒工业用盐，不是听之任之,4490898574,人在旅途42306377
大家别在这被人当枪使还自以为是，明显是有人在这转移哈尔滨731热度，可怕的不是没人除雪，可怕的是脑子里结了冰，年年春运高速下雪堵车，唯独今年全在喷湖北，河南(或者说这个IP)的最积极。全是受到指挥的。冷静好好想想。,110149629294,一块惹眼的猪油膏
转发了,2682405761593368,用户9322005415869
明显和河南的不一样。河南本次的雪相对好清理些。,3751171099993565,林Story
河南忙着清雪，湖北忙着科普冻雨形成，厚度。 是一开始就下一米了？ 高速一厘米之前在做什么。[泣不成声][泣不成声][泣不成声],65594769282307,友爱葡萄F
会不会有大地震,5512196848,高寒57806106
小时候我们湖北比这冰的厉害多了。一样过日子,6223120961,十月82729918
记者不去高速报道人民通行情况却来特意报道这些有意义吗？,633746267576292,神秘可乐Lf
只想着搞钱，现在又来解释[马思纯的微笑][马思纯的微笑],4501655915,扬陈逸轩
大自然的威力，太可怕了,835248173627320,富足橘子RH
河南人?[大笑],110711978969,wH12345678
六七十年代广东冬天也是这样。少见多怪,66909627026,杨万点
这个记者话都说不全，估计被冻坏了。敲一下电表盒，你能判断出冰冻多厚吗？,88707819438,往事呈现
百年不遇,1657711132684381,我是丛大帅
整天净整这些虚的。冻雨有多严重我们在头条和抖音上看好几天了，你这算新闻吗？及时性到那去了？,72596208162,老谢8888
天那[捂脸][捂脸][捂脸],1895988944451491,梦幻天空e7
天上九头鸟地上湖北佬,50994491192,巨蟹冰红茶
反正挺无语的，之前天气预报就说是雨，前面几天确实是下的雨，2号晚上半夜下冰子，早上起来都冻住了，然后3号又下一天大雪，现在又下雪，天天冻天天下，天气预报能准点不？,993555576268392,敏锐葡萄q
㇏′冻雨属实，但从一开始就不清理，自然就越积越厚，越积越多！河南省做的不错，还能支援湖北，怎么回事？,101400510058,风姿卓越海浪y5A
主要是这些年过习惯暖天气了,101902610126,少年闰土
动手清除啊,6049346285,咸菜的钱途
好美冰条,4108201182898687,上进的熊猫szZ
[害羞][害羞][害羞],835225353720943,乘风破浪的云朵3c
可惜了庄稼吧,93045259012,儒雅橘子Xr
[赞][赞][赞],91648668368,齐鸿运
喘口气，慢慢说。不急[赞][捂脸],3576079067920151,覆水难收
现场记者亲临西范里村，大野市，冰结1米冰，配电箱也被冰雨厚厚的包围着。,91648668368,齐鸿运
记者不要不要帮他们脱责。,3654419794366782,完美清风On
别冻雨长冻雨短的，谁没见过,101227478970,自由一路相随
我们离大冶这么近怎么没见到这样的，根本没有雪,3342166396775548,呼唤的远方
,2581307041529373,编号0966
这名记者正在科普冻雨知识，请全国人民认真、虚心学习。,1583717652655755,大琳子
大家好，我是广东来的土包子，请问冻雨是什么东西？,96399279338,晨曦下的清风
后天的既视感,4028940861,Sandy31898779
祝你你们大家平平安安的，,399821490100355,用户3317896441519
我都怀疑这么多喷子都是头条的托带流量[捂脸][捂脸][捂脸],2453698834860510,ecafam2008
众多的地区大雪纷飞呀,943800129695088,清闲的芒果
关系户把央桑也拉来做科普[捂脸][捂脸][捂脸],50189377197,东清龙
滴水成冰，到处滑溜溜，常青树乔木一片一片地倒伏，重灾啊！,109115031542,怕冷怕热的刺猬
不知道为什么会有这么多人配合那些别有用心的人进行地域攻击，被牵着鼻子走，中国人这么容易就被渗透吗？,1429845992807047,Ic夕阳红
湖北不作为 岂能与河南相提并论,9140353210,省钱中国游
电表盒盖本来就是透明塑料，不是冰[捂脸][捂脸][捂脸],118389724949837,丰富原野0Y4
注意安全哦,3117866753199268,今条条爱文字
河南新县没冻雨？现在高速已经清冰干净了，新县可是比湖北襄阳都靠南,58937089276,心蓝
转发了,4015849053627646,星星点灯不夜城ing
这种冰溜子，我们老家接的比这还长，又怎么样呢？照样清理干净啊！,1895150223103677,为了希女王
转发了,8841379578,ella2014
无人居住没必要去展示，去解决生活困难问题,21356364428,进取平行线
应该加防雪檐,6155212782,宏晨老师
百年难遇的冻雨,54909807876,流沙liusha
这是个天灾，现在任务是想办法让高速尽快开通。不是讲困难怼网友。,2700027631507863,NevQuit
湖北很差劲！！！,55615471976,映荷7
河南能，湖北都做不了，就跟疫情一样，我总找原因,2634860982699756,顽强糯米EfX
湖北沿长江及江南是防洪为主，不像北方是防冰雪为主。国家防灾委预防物质和设备布局重点不一样。湖北这是08年来的一次冰雪灾，你们那些黑子会觉得国家会一直把钱压在这方面吗？破冰除雪设备，物质本来就不足，我们这里城区及乡村道路都是志愿者人工在少量设备去除冰雪。公汽，城乡客运停运，难道这些基本居民生活不去保障。黑子都是以自我为中心。没看到高速边居民都免费为高速堵车司乘人员提供热水，食物吗？每个人都在努力，黑子用一张嘴就抹去了他们的汗水和辛劳。,65291943040,爱飞的冰雨
罗田县独珠河村受灾也严重！为何没人过问！！！,100672918261,肖谷成
灾害来临，去无人区采访，有意思,23199766517,我心依然xian
还是去高速上采访采访吧，这个无人村不是你们作秀的地方。,6863419278,寻的覆盖
注意安全哦，广东人发话,1799266551213095,仁爱芒果RK
自媒体最大的作用就是造就了一批喷子,4410843287003235,万事一罗筐筐
专家早就说了，今年是暖冬。我们竟然信了。,109252573610,侧看庐山123
部分地区大面积降雪灾害，不是人为造成的，大家回家团聚的心情可以理解，不要一味的指责这个那个，共度难关[祈祷],6730560840,导演我躺那里pced
以后提前做好预警，这样太难了,2966911911470170,聪慧的LC
现在的人都感觉吃惊了，我们小时候把这样的冰勾当冰棒吃。[捂脸][捂脸][捂脸],2717640878982684,涛哥快递
央视应该出来科普一下为什么火车高铁都在空跑而百姓却买不到票[捂脸],2560118071755155,多才多艺星星MZ
雪和冻雨是按行政边界下的…,4218143097229095,我又被拒了
叫别有用心的人去铲雪。叫容易被别人带节奏的人去看看。,84834785351,稻香村犀牛
请问记者你怎么不去高速路看看,110872760938,用户独唱凊歌
小时候农村房檐结冰正常,99202230117,刚刚开始……
为什么不上北方下雪呢,2946292100629662,善良叶子3w2
南方地区很少遇到这种极端天气，其实在我们北方，这很常见，影响有限。,54927145285,我行我素
这么厉害的冻雨，比大雪的危害还大呢，但愿没有人员受到冻害[祈祷][祈祷][祈祷],8037425696,玉兔東生
转发了,2365802637438640,俊俏冰淇淋GJ
结些冰就把变电站给压蹋了，偷工减料的豆腐渣工程，必须要彻查。,1257430827678935,180度调头
湖南人已经有经验了。可以去破冰！,52987502439,开着宝马追蚯蚓
不是铲不动吗？,111053747758,三三二二R1cN
[祈祷],1075754850597631,一丝不苟宇宙qoK
我在想 按你们的说法 西伯利亚的人是咋活着的,3278425612,小刺猬79
你们知道为啥2008年冰灾湖南湖北受灾最严重吗？潮湿低温加冻雨，老拿河南跟湖北比，你们看看地图就知道了，湖北大小湖泊数量是河南好几倍。,111507458606,X螺旋丸X
像后天,52075374140,游过鱼鱼鱼
,11241233901,蟹之缘1
你去东北问问，是不是比东北还厉害。张嘴就是找客观原因,4169806517904363,与娃共学的爸爸
的确是天灾，大家都理解的[祈祷],2440557755373166,不凡的板凳
天气预报呢？,93092035567,晖姐1209
极目新闻为啥不关注一下，在湖北高速上滞留三天三夜的旅客。[灵光一闪],5573064205,途乐旅行1999
你忙着科普，能不能去做点实事,808879588116927,诗意春风7jJ
真能，无人居住去采访干啥呢？,440232588877060,Real的Lie
这个村没有人住了。可以开发成为一个景点。,583158905182046,快乐蛋糕O6
10 天 前武汉天天大太阳，温度 10 多度，一到过年打工人要回家，老天爷立马翻脸。冻雨，大雪，阻挡住打工人的回家，所以能不出远门打工，就别出远门了，太受罪！,109225539383,奇幻山丘
这种倒挂的冰，在我们这里好多年没有见过了，那么大的灾害，叫人怎么过啊！,2691248933856926,高级高山Qs
我看了我看了评论大部分都是河南ip在说事，河南很优秀，不是没道理的,1648862813235463,电脑网络监控调试
一定要离冰溜子远点 因为有位老人家在东北走在房檐下 冰溜子落下来直接穿到脑袋上 结果就是 命丧当场 真的要注意安全[祈祷],430621800276253,可爱球球猫
没人信了你们的鬼话,85767752185,小淘521
别在冰挂下面危险,321490507008504,随心所欲8593
湖北请来了记者来洗白，是不是会越洗越白。,3847889094191342,大道至简9B8u
说重点，高速上报道了吗,540585894347012,清风抚山月
这么大的冰雪，应采取措施清扫！全民大扫雪，人多力量大！,1437755431717368,冻冻鱼
为什么早不干嘛去了,2906734839997645,希望52854196
虽然无人居住但是电表被冻住了，这是什么一个逻辑，大媒体就这点水平？！,2520505497432519,今昔我兮
不用科普冻雨了，相比08年郴州冰灾，湖北这就是小儿科,4059003322902571,一枚工程狮
下雪属于正常天气，冻雨属于气象灾害，两者有本质区别，08年那年南方多省都遭遇了冻雨灾害，当时央视连续多天不间断报道，不知道大家还有印象没，湖北高速这次做的确实不到位，毕竟天气预报提前都已经报了，那该有的应急措施就需要提前准备好，这次反应确实比较慢,71750763191,疯子的痴心话
无人居住。。。,3057123348,渔人缪斯
冻雨都来了，春天还会远吗,3069488345394568,空瓶子装水
兄弟你怎么过去的,92652800763,贴LOL
五十多了，这是我见过的第二次冰豇豆了，第一次好像是小学三年级。,97592620638,abcwr12333
前两天经历了一次江苏盐城！夜里下了半小时车就不能开了！,105927514525,高级沙滩li
不去解决 就知道找理由只能说无能,320682935728023,独一无二的面团
转发了,6003047130,智慧海洋6o
这老天爷是怎么了？,52594410569,李淑媛97691
冻雨只下湖北吗？,55795045560,凯哥分享2019
四天三夜还没有通，意味着四天四夜即将来临！天灾人祸都遇到了。高速设计太死板了遇灾只能听命等待需要改进。需要临时应急可脱离高速公路的应急路口。,107765612870,解忧杂货店
不作为,1451008568599944,仁爱春风HKO
我们这好多棚子都压塌了,53039833669,优雅风筝G7T
是雨还是雪？,93159090922,花开花落又花开一一
不用给湖北洗白，个别部门就是准备工作不足,72251919316,美味239627410
,102891208300,小林子Vera677
你是去旅游的？到高速上去看看没吃没喝,1842370869733243,尘埃腾飞
这冰溜子真不小。,2678053548600243,不凡艺术家IC
还是赶紧除雪吧[抠鼻],3674199002,海亮艺术华府
如果提前撒融雪剂，不知道能不能把冻雨给融了。,6374266822,郑州微粒家政
冻雨和需肯定不同啦。,52426625580,东明181325497
要想搞垮、搞乱一个国家，首先就是制造矛盾！,73851272991,Chendie
央视你来蹭什么流量？,3764508592,尼古拉斯0达康0
做这种舆论公关，不如真正去做事,3522454355971319,奇妙漂流瓶Ck
这是在帮忙找理由吗，老百姓需要的是什么，是气候解释，怨不得没人再喜欢看央视新闻,3324041428,蓝喵喵在魔都的日记
与其报道冻雨的时间还是去解决一下被困高速的那些车和人吧，你们这是想让冻雨做背锅侠吗？,93172860121,冷静d燃烧
这么大的冰雪，应采取措施清扫！全民大扫雪，人多力量大！,3008685677218504,用户6139981391277
确实严重,62572942955,爱慕未停7
请你们看看河南人,60257970753,自若熊猫mvi
转发了,67724631488,用户6689373180789
湖北在做的不叫除雪，叫凿冰。,93132682867,陈先生8201
冻雨的危害比想象的大,62487473926,李守朝
这又是一个自然灾害！,135976194671699,淡泊的咖啡cu
注意安全，冰溜子掉下来。很危险,18604123694,水晶石99
湖北的冻雨和东北的暴雪是不一样的，东北的雪不粘，风大会刮跑，不会挂在树上，电线上,99433314224,乐观的海浪ov
[赞][赞],52180483539,6班Thomas
请坏天气快快离去。唯愿在春运路上的人健康平安！尽快到家！,207147889335911,自观自静
这次冻灾堪比08年的冻灾,52110855126,捡漏子
冬季湖北的父老乡亲加油呀大家一起度过难关[加油][加油][加油],98598996956,青年大卫
湖北不是南方吗？,4054595119877981,用户6883940407752
电表箱酒破烂不堪的在外面裸露着不打脸供电公司吗？,75659664243,小曲论坛6995
九头鸟名不虚传,531786658491099,平凡归途
你这是科普吗？为什么不想办法应对或事后补救呢？,51783375088,勇于追求的大飞
这不是湖北，这是东北,109813602297,斑点小哥
别说多严重，怎么不说做了什么准备，特别是交通主管部门！！,55049665259,可靠清风SP
没人居住 影响到那位村民呢,51182300300,直爽的盛世朝阳
站着说话不腰疼，吹牛逼不需要成本的喷子高速铲除冻雨工作交给你们了[吐彩虹],1604918256075828,阿道夫牌疯犹精
没有亲身经历的人，不知道这冰凌的厉害！[赞][赞],303105574443460,多才海洋v
应该去高速公路上看看吧[吃瓜群众]无人居住？,1348452890717219,老李
这基站被大雪压垮，说明这个配电基站质量有很大问题，这场大雪就是试金石。,103613678067,别来无恙40892
水管-定冻难怎么用水？踣滑的-定难行,106645566024,好学湖泊hF6
等几天 就化了,58759341748,菜伯配沙司
想洗清自己？,1064751068885160,一寸欢喜8
有的人完全不知道冻雨和大雪谁可怕,5489476170,最黔言
太不容易了,290746576939216,一心一意橙子Lx4
不要只是嘴炮，这么多人在网上叫，就没见几个去支援的。,99396111317436,认真的船帆0K
奇怪，九江这么近，咋没有这现象？,79349214436,哦徐
湖北又要等全国支援了吧！,3544476256311324,用户4497235576803
无人居住你管毛线，,5766893452,无锡繁星点点
0 分,94556173089,山海无疆
这是自然灾害，快赶上2008年湖南广东省的冻雨灾害了！,6290560857,在路上奔跑的Ted
我这里啥都没有啊[流泪]我想看雪，想看冰,66076334495,才高八斗奶茶6
转发了,3870717562600254,英明果断奶酪Qv
高铁线上有推动火车巨大电能，增加导线电流导线会发热可至千度，这是初中物理知识，然而21世纪的今天，满大街跑外卖的都是大学生，可想而知我国高铁公养的专家有多愚蠢、有多丢人！,6696965000,端庄漂流瓶38
都结冰了。,3099660375,钻石库管5491
冻雨好严重,1996310960421339,晴天爱乌云4739
无人村?,3509231329739523,远方天边的云V
湖北高速一向很拉垮，那年自驾车去乌山，湖北段高速路速限制令人不敢恭维。,1038388910895124,摩尔蓝精灵
对对对，东三省的高速公路是不是冬天不用开了,108165909533,木染青春361
冻雨和大雪 是不同的 和男 女 一样,3765178781935332,运筹帷幄芒果lUO
现在不是科普的时候赶快想办法让高速公路通了。马上要过年了。我建议联系当地部队紧急救援。有坡度的地方人工凿。滞留高速公路的车主应该免费发食品。党员带头行动。,96223857634,忧郁杠精
现在不是科普的时候赶快想办法让高速公路通了。马上要过年了。我建议联系当地部队紧急救援。有坡度的地方人工凿。滞留高速公路的车主应该免费发食品。党员带头行动。,96223857634,忧郁杠精
感谢湖北，感恩湖北[泪奔],86440385594,菠萝小地瓜粥
压压器就是豆腐工程,905638903555244,奇幻春风RI
你们这些所谓的媒体都是宣传工具,73133417541,灵敏喜鹊dn
冻雨属实，不作为也属实！,1742053650465735,自由香蕉
以前比这还长都是土房为什么没事,17246109052928,亲切春风62
转发了,96089918385,大东北唠家常
北方从来就没下过冻雨？,3425669568530392,没电了我摸鱼试图无忝
无人居住你去看个什么劲[泣不成声],25399237492,80cm
继续帅锅，普及冻雨知识吧！措施呢？措施呢？,109543328206,奔跑的Papa
也不是很严重吧,470180596029228,痛击美日印澳
这次冰冻灾害，对春运回家影响很大！,23484499096,塞北的雪193888996
还是那句话，再大的困难，除以14亿，都是小事,2309394085975501,薇薇一笑很倾城
在山东多少年没有出现过这种景观了[害羞],86010748695,用户2032525716370
湖北有多严重，冻雨,3715972367398792,秀子00
与湖北接壤的河南高速公路为何干干净净，一点冻雨没有？难道就这么巧 这个冻雨下到两省交界处只下到湖北高速公路上而不下到河南高速公路上？不及时清扫、洒盐、洒溶雪剂是主要原因，不要再强词夺理 狡辩了。,1944382164173028,心yeah
"北方人不要来评论南方的极端天气,北方人不懂南方的冷！",104857199300,元气熊猫oF
专家，不是说现在气候变暖了吗？,4226984512075406,非凡星星4el
这种状况应该是往北走,98139799636,贵玫兰
科普没有用！又不是没有见过冻雨！更多的是责任和义务！在做什么，为堵在高速上的人做了什么，高速除冰雪做了什么，进展情况怎么样！舆论很快就会好的！也科普也让人看不起！做了什么！,1881957611873790,风趣的成熟天空
刚刚开始下 不除，懒 一直堆 不就搞不了,4576224250,洧澜ivy11888
天灾人祸，大家纽解面对，别无选择,104766371277,活泼轮船je
专家不是说地球在变暖吗？是不是地球的温度也是波浪式的？把专家误导了？,64478269464,奋发宇宙6X
天要下冻雨，尽量想想办法减少损失！,110954314394,一心一意葡萄32n
祈求上帝早日天气变缓开化冰吧！,106645566024,好学湖泊hF6
在大自然面前也总有人力有穷时啊，希望大家都平安过年[祈祷],110782879232,抖抖发发
无人居住？？怎么乡村振兴？,840492909080075,一往无前海风tJ
电表还会转动吗？,161006256925949,北美老表
之前有人根据黄历预言说冬季不冷，但是有灾害，很多人不相信,3553221382777223,聪颖叶子lW
希望早日有、人过去救援解决你们吃饭问题,106645566024,好学湖泊hF6
目前我在湖北农村，本轮冻雨暴雪使我们处于断水断网中,6966321577,迦叶1
科普[鼓掌][鼓掌][鼓掌][鼓掌],1657706657883230,幸运XM
想办法怎样给处理一下,110954324453,用户7276710282622
[祈祷][祈祷][祈祷][祈祷][祈祷][祈祷][祈祷][祈祷][祈祷][祈祷][祈祷][祈祷],69329175057,白龟望月
无人居住你跑去干嘛？,4042282099549998,红与白的协奏曲
气象灾害不是一天两天说的，极端天气频发，需要做好各种应急预案，这样就会更从容！,109834988018,霜枫意影
今年湖北冻雨是厉害[捂脸],4322880412451324,中国丹阳眼镜青山良镜
什么摄像机，效果很好,6524030754,淡泊的海浪So
再厉害一点，就是末日电影里的场景了，只是速度慢了点，没有瞬间冰封，人还能活着[震惊],4569504890,疏影44132761
有关部门没有做到预见性防范这次的灾害，也是个关键因素吧,104740592227,十九是只可爱的狗
糟糕的家伙这几年害国人还不够,2251452509331012,火天大尤
小哥注意安全[玫瑰][玫瑰][玫瑰],50261913056,梨香书园
电力部门干嘛？电箱裸露,55676824385,静了光阴乐
你去一个没人居住的地方作报导，有意义吗？你为什么不去堵了几天的高速上去呢？,3210198780229912,分秒必争圆月zG
转发了,62952846937,八竿子打不着的穷亲戚
鸟在哪[抠鼻][抠鼻][抠鼻],92497830794,雨花石头蛋
上神保佑你们那里的人都平平安安地度过这场灾害吧！祝愿你们能快乐地过好春节,106645566024,好学湖泊hF6
冻雨的确麻烦,23270067944,青峰花木
极端天气,24048431973,来自北方的老郎
除雪机械设备早早就应在高速上布暑，把防范准确工作前移。,94383521759,稳之稳
不知道你报道一个无人村有什么意义，看看高速公路啊[发怒],4723537607,小小黑松
电线杆咋建的？工程质量太差了吧？,53266755854,哪好上哪晃悠
呀，太厉害了。,80825400846,汪五11
大家懂[赞],471016137032077,悠闲武安7D7
这是因为雪没有除去造成的 你如果爸雪提前除了就不会有机会成为冰！,59619565600,紫邪魅影
无人居住你去干嘛，没事闲的，蹭热度？？？央视能不能搞点正经事,5948975879,风姿卓越冰淇淋px
湖北和河南交汇处难道冻雨就下湖北吗？我作为一个湖北人的疑问！,1420182974104067,余家大姐夫
跟堵路有关系吗！,52215395924,房檐上的猫
无人居住，你说它干嘛？！,3575169176,夏夜清风0109
天灾还是人祸？,1852015256025815,今夜说人解事
灾害年年有，只是轻重罢了，难道只有湖北省？河南在赤道？不要为湖的交通不作为而开脱责任！,997948611890600,梦幻小羊lK
评论区真是无知无畏杠精聚集地呀。义务教育合格证真不能滥发呀,4178601232574116,用户5112133187910
冻雨不是贵州特色吗,98210554890,风趣水滴s2
冰景真好看,2744811104510504,聪慧天空gx3
报道一下高速公路为啥堵车吧。,79804876137,用户3767445016270
专门找了个山沟沟，找了个荒无人烟的背景画面，然后来放大自然灾害，从而要盖工作失职失责的问题，还是老套路,3002083307687164,聪明的熊猫Z9r
你到底想说啥！想说天灾，告诫所有人，我们无能为力？,237965159708573,时髦饺子nb
跟全国老百姓报道这种新闻显得很幼稚，真相就在评论区[我想静静],75857237698,文韬读书v
极端大雪远离体育类场馆,93891821903,天之星
一个小奶狗啥都没见过,3636801753332699,用户4477018223254
去高速他就下不来了[呲牙],3214603072832460,奔跑的蜗牛
731的热度怎么没了？大家有没有想过。,110296072562,米菲家的小哥哥
冷冻天气都是这样，注意安全。,70168829384,八面六合
少见多怪,3636801753332699,用户4477018223254
相互理解吧，湖南兄弟加把劲[赞][赞][赞],2786710934,巨润生物科技
安安全全过大年！！！,1244254934143879,好学湖泊0Mg
去看看我们山里头，比这个严重多了,60821932607,平平168739492
你不去高速现场报道，那里有很多人已经饥寒交迫，来这里报道什么？,76306046442,石门跃腾
湖北把央视都喊来洗白了,50509137993,对妞谈寝
一个央视主持人还开美颜瘦脸，哎,75235490564,橘子没上市
湖北的应急预案呢,4248973758172051,Kkkli
好像科幻片里末日的场景,3950017451,闲适自在QQ
这记者好帅,102028567616,唐僧骑马咚咚咚锵锵锵
无人居住，拍他有何用？,52460961211,雪狼138046906
这冻雨太厉害了,866058959586462,用户7391949443850
无人居住村你去拍个什么劲？高速公路上没有新闻？有人居住区没有冰雪？[打脸],2807965204,拽着风筝闯太空
不管是什么新闻什么发声，下面一定有河南人阴阳怪气。之前河南的洪水，还有一些黑河南的贴，还站出来为河南发声，因为我邻居朋友有很多信阳人。你们为什么总把我们当敌人，一个自然灾害，有什么好幸灾乐祸阴阳怪气的一直在网络上攻击，我在湖北武汉，我父母在湖北老家县城，武汉下这么大的雪，老家只下雨没有下雪，有什么好稀奇的？为了黑而黑，你的家乡做的好，你也可以科普教教大家怎么化冰雪，我们感激，但是为了凸显你们了不起不停踩我们，只会让人厌恶。,107997642083,柠檬妈妈薄荷心
应该有预判,206312309268056,高贵海风3qv
各扫门前雪，物管他人瓦上霜,2849447970,金风叱咤
这么多的冰溜子呀，真是很严重，这就是下完雪又化了的结果，注意安全，掉下来会伤人的，我们东北也常有这种现像,2554894798828444,conedays
这个天在谁也没有太好的办法。有能力地就去积极的献言献策，没能力的就在背后默默的支持就好。诋毁湖北彰显不出来自己的“伟大”，因为湖北的兄弟姐妹们不管是因为灾害还是因为经验，他们也不想这样。诋毁铁路工人和热心的村民，这些更是禽兽不如，良心真是让狗吃了！,6866416750,81192可以返航
专家不是说气候越来越热，今年是暖冬吗？[捂脸],101329330894,愉悦的河流S4
转发了,55346466633,传奇279841350
这评论对湖北人的恶意满满，不知道说话的人是什么样的？,4510570658,才思敏捷小猫UJ
感觉这个记者说话都哆哆嗦嗦的。,95915078491,Alin121
装什么？你去没人住的地方探访什么？,79140825844,陈天睡大觉happy
这在东北不是事,3927878285920983,Snow
转发了,55362825170,秦岭脚下
话说湖北算南方吗,2211831324091988,久别了莪笑脸
山东汶上海棠园小区还没除雪,50293885945,聪明的雪梨V
反正在湖北30年没见过这种天[泪奔],109639504454,宁想笑死我嘛
不正常的人说。。我只想回家，你赶紧做，不做做不好就骂你，，不太正常的人说我们只是想回家过年，又有什么错呢，[泪奔][泪奔],2906746268159005,宿挽
出门需要戴头盔,5785832273,9点半街拍
冻雨就下湖北[黑线],3214605565821453,丷晨曦灬
感觉科普不合格啊！我看了也没明白冻鱼是啥，如果下的是水，那就叫雨，然后结冰而已！如果下的是冰，就可以统称为冰雹！冻雨是什么？！,110135050417,Vankai
山东这边做的也很好，我一个区里的马路上从没有积雪，因为随下随除,470244690238268,善解人意云霞
冻雨灾害这么严重[赞][玫瑰],1680509536836272,淡泊来思
没人居住你去采访，你咋不去南极呢，真是人才[酷拽],3465252848024328,足智多谋云朵zL
四川的我昨天在晒太阳,98004877478,幽长假日
你应该去高速现场直播,5877982043,夏诗荷雨春藕斋
我们河南没有吗？不作为，还要扶正,96401110612,水心
都是老百姓在行动,1024374995168525,磻溪垂钓
在东北这也没啥希奇的呀，你那里线杆怎么会折了呢,93107500416,平凡56982
没有我们这边下的大,108973195712,美丽心情86275
看来湖北不适合居住[捂脸],110227995056,多才多艺溪水Z7f
每个人都要注意安全,56329561813,生气的章鱼
除雪除冰啊,1348441798356420,特医食品大发展
我是豫北小县城的，住院子，雪要及时清理，要不就冻上难清理了。前两天晚上下的雪，上午出门县城主路上已经没积雪了，应该是一早政府组织铲车清理了,6485097141,哈哈谷
出行注意安全，安全第一。,1143963494134383,幸运香瓜9D
如果有战争，湖北这相应速度怎么得了?亲测昨天我们公司7-8个娘们借了几把铁撬，一小时大概清了约100米，虽然只是清了人走的路，但是也能行车了。湖北这要是工程车不够用，应该部队上吧。,101685141755,淡淡笑笑5
高速上的人救下来没？,5532395026,kb门徒
应该带个手套[吃瓜群众],24709556424,倔强前进的蜗牛
有专业电磁炉刨冰机，为什么不早用？,1741272853253902,我反思我反思
天灾啊，愿大家平安出行，顺利回家。[祈祷][祈祷][祈祷][祈祷],81194207404,风趣原野ZEg
这个报道的意义在哪里？,109974645340,元气饺子pq
今天下午重庆回云南，毕节路段也有冻雨，会不会被冻在高速上啊，有没得毕节的兄弟说说，走毕宣高速[流泪],5436932057,言寺的诗
不堪一击,56721608901,清闲的西柚CL
需要看到河北在努力解决问题。,4239352793415223,实话实说怕了
专家们，前段时间你们不是，叫人捐款给小日本吗？现在湖北雪灾那么严重，你们为什么不带头捐款给湖北灾民？,958385416314135,无忧的麻酱jrQ
没有人住的村子，你跑过去干什么吗,4406716873,时髦灰喜鹊
这是无人区？,104243097357,Finnasl
中国速度[捂脸],2277784829574592,黎明前的黑暗太长了
转发了,93650411085,青岛之家
湖北已经给我们天天科普了！但是我们还是要除雪，我们都知道铲铲路上就好点！天天科普雪不会化！！,93650411085,青岛之家
都无人居住了你还关注，不应该关注滞留高速的返乡过春节的人吗？,110983120480,淮河边长大x
别烦了，各地都应该做了针对极端天气下的应急预案,3195632720024492,手中有光
高速也没人呗,5372263924,柒個隆咚锵咚锵
真是灾害,1860844238682695,玛雅雪鹰
河南人在不停除雪，湖北人在科普冻雨和雪的不同,78060519070,愉悦的松鼠4t0
：记者你不带头盔的吗？！！！,89436545098,不要太正经
龙年快乐！,109596688230,积极的芒果SJm
注意安全和供暖！祝愿大家一路顺风！,105540988411,RONGHUA说
[赞],2079920660944360,开朗星星0lo
大家来帮我看看，我写的文章和头条厉不厉害,3298141170827389,小鱼儿
满目苍夷,15556768429,沁水幽澜
现在高速除了没有[灵光一闪],4234958009280766,An徽小伙
为啥老是大喘气啊。。。,3693953841643149,我小火龙不服
今年年底的天灾，真的没有办法，十年难遇，,54266986075,励志荣姐
[祈祷][祈祷][祈祷],98221147482,快声快语
这是啥啊？无人区,3693953841643149,我小火龙不服
不明白河南蹭完尔滨热度，又来蹭湖北的，怎么河南就连冰冻灾害也嫉妒,56052156936,丫丫乐389
人家说的高速拥堵问题,1341844562132302,豁达的小蚊子
@狐说不胡说,52433646638,寒江独钓客
转发了,52433646638,寒江独钓客
厚度有多大？什么水平？[打脸][打脸][打脸],108789333977,用户4506771951850
湖北冻雨帘见寒冷，冻雨实害给湖北人民生活出行造成影响非常大。,10002571158,云淡风轻250815116
嘴炮,1974363184183339,沐浴和风
感谢播主我第一次看见这样的自然灾害。为你点赞。,104093738869,多彩溪流cK
烧汽油，全县放火,2075479523737022,病多芬
无人,962822078990749,羡慕别人钓鱼的日子
有时间对骂，不如大家提建议，看来堵车的都不想回家啊[灵光一闪],85613252365,阿地阿多
感觉宣传的比做原子弹还难,1376243124282923,宝宝在西安
两手一摊～我也没办法[泪奔],352280747719188,擦擦_——～《$》
说再多就是不作为！！！！,62489111643,八婺耕者
这么大的事怎么不三问了？居然在帮着科普,2150265674550695,海边星月夜的咖啡厅
注意安全,4407262221974360,博学石榴9U7
央视的记者吗？普通话太不标准了！,104458613209,三天777
天天吹河南，你们不看看雨雪的形式么？河南没有结冰啊！！！！！！！不是说河南不好，而是那些结冰的地方除冰除雪很难！,395477820113982,开朗葡萄0p
武汉二十年前才有这样的冰柱子，好久没看到过啦,3562008289222167,SCORPIO静
湖北加油！,2318203401013095,诗意的栖居Un
无人居住你去报到,6988385641,村里的江老师
我们这边山里也是这样！,2678054969943239,端庄饭团SI
普及也普及了，怎么解决？等着天暖和了自己融化？,57803549474,扶摇直上挂云端
重点是：灾害面前没有看到湖北采取除雪、除冰措施,422663050770343,番茄422663050770343
电力抢修，还在等吗,54963882872,彼岸花162067771
有人说别人北方城市用除雪车除雪，湖北为什么用人工除雪！东北下大雪是冬季日常！湖北常年打雪仗都玩不起来！湖北上一次下大雪还是08年！常年不下雪，没有除雪车，确实准备不够！所以还是应该准备除雪车，防患于未然！哪怕是放着不用，也应该背着！,111608493154,用户4056580637896
洗衣工？,6145555371,淡泊的橙子eC
还敢敲电表,2722033521923063,谁有玻璃心
“后天”再现！,3466080209623616,风化雨之土生金
疫情没管好，过了几年又来这一套，不思悔改就是嘴硬,12038768506,优美香瓜wQ
哈哈哈是不是闲的啊，都没人居住了报道这些有啥意义，[大笑][大笑][大笑],51137568183,大气可乐ATd
好的，知道了,3226270545,凌云凌小松
再严重也不能无动于衷，不作为！,96518517790,sunny提子
麻烦你去高速报道报道…没做些无意义的,3965627525,金属元素12
什么严重，纯粹是找理由，早撒除雪剂，和盐就不会这样。,6982160242,生态自然
这个记者张的像个女人，只有说话像男人？到底是男人还是女人？,5500913062,最久的陪伴是爱
记者辛苦了。[赞][机智],945213124118184,2574421120511常青木
专家为什么没有这方面的紧急预案！就知道怎么研究老百姓[捂脸][捂脸][捂脸],80792629816,吃货小成哥volng
进城看看,96088204547,独眼幻兽
记者同志辛苦了，你能不能去高速公路上帮忙铲几个雪，不管是冻雨还是雪，行动起来别打嘴炮了,1222293492346735,小百姓也有自己的想法
愿安好,6103106064,醉美的星辰
记者注意安全！,3698386758277982,坐在沙发看书
你说的都对[捂脸],3759791817,小辰25743471
我告诉你吧，下冻雨的时候撒沙子一点儿事儿都没有，那些人哪有时间给老百姓想事儿啊，自己都捞呢,106704991503,虎坊桥梁家园70后
我记得哪一年，湖南郴州出现过这么一次！,57409293768,淘爱娱乐
专挑严重地区拍，有错误就是甩锅,1565308280911992,陈大锤耶
今年雨雪够大，天气够冷！天气预报早就有了，早做预防,4165414207107512,泡脚养生
看最近冻雨视频，全国各地人为极端天气震惊和焦心。个别地方人上蹿下跳，幸灾乐祸。有毛病啊？,92521324091,晒太阳的咩咩
以前的通电加热除雪技术呢？假的？,3758975181,蔚然成风25716710
冻雨再厉害，电线杆能压垮吗？报道能不能属实一点？,67052562044,豫圆大青
不要总把困难预想得那么大！办法总比困难多！提前预案和行动，事中跟进，事后总结固化经验！,104498383951,咫尺天涯影视
没人住我去住,66769771726,天然合一
这是官方科普吗,70479480093,战忽局司务长
感觉湖北遇到问题不知道主动去解决，反而不断的找理由推脱。,108660512224,积极的风铃ac
天上九头鸟地下湖北佬,108843023553,热心市民闹得慌
供电人员去哪了，难道就湖北特殊吗,783329871528755,高贵小羊My
有科普冻雨的时间，一人一把锹，早就把路开了。,99725750480,007大伊万
这个新闻不行，还是换极目新闻吧,109458382883,一个人的无夜哈哈
喷子们你们应该到这个地方去体验支援。,2005985840858912,尤文图斯11号
怕什么，邀请热情的河南网上出马，除冰不是问题,6798205731,趣撒野吧
我就想知道除雪剂对这玩意没用吗,6992938011,友爱雪碧8e
这种天灾建国以来往年都没见过吗？,2862757095943021,清闲的云朵Qy
高速路那么多人你不去报道，你找个没人的地方大谈特谈！真是不问百姓，问荒野！,7023924674,智者真诚清风
有多严重啊？比生命还严重？多少人的生命堵在了高速上，那可是高速啊,96312986009,爱探索的盟主
你们怎么不去深山老林？[捂脸][捂脸][捂脸],50244107524,yao9527
建议严查网上造谣的喷子，可以集中起来去铲雪,6377939601,东风拂面
不可能啊，专家说了，现在气候越来越热了，这种情况都是小时候常见的，在安徽皖北地区，我们称为流流，看到直接拿来吃[捂脸],3285456110,赵我说的做
又一次普及了什么是冻雨！,5846504603,张弛有道0041
无人居住你去哪里报道个啥,85614644759,风月兰
跟08年湖南雪灾一样的情况。,93179649147,梭玛里
你们怎么过去的啊！,51998655591,正义凛然漂流瓶nn
妈的，说今年暖冬，那位专家，你给我出来？,109935419094,豫K好几个8
走近科学,3175651101,匿名游客1949
就知道找借口，前期在干什么,104703984878,风轻云淡97931222205
人上你家了炒,2590098128378988,优雅可乐w
是地面不撒盐,110904389143,谋动顺为
去年在武汉被中介骗，老兄，还好吗,87595129241744,阳光的乡里
涨知识了，感谢科普冬雨知识。,2168674214767195,爱生活的铅笔qj
[捂脸],5830805755,自由的飞鱼鱼
[比心],5830805755,自由的飞鱼鱼
这个村，无人居住，你跑过去干啥？难道就为了报道一下？,109865574150,面朝海暖花开
全国各地都在除雪，只有湖北在直播[大笑][大笑][大笑],92340033059,曰富一曰
又是火炉，又是暴雪，哎,55562684802,addwdie
天气预报已经提前预报了，还是没有重视。,97344300385,才思敏捷菠萝nIl
视频转发各大媒体,99589165430,马镇良
双击加转发,99589165430,马镇良
有一部电影 叫后天。。这就是后天照进现实。,2837159635367966,梦幻溪流d0
双击加点赞,99589165430,马镇良
双击加关注,99589165430,马镇良
点赞加转发,99589165430,马镇良
点赞,99589165430,马镇良
看评论，河南和湖北的梁子算结下了[捂脸],4725937092,一眼万年DS
上高速去拍,59099590500,坦坦荡荡的俊俊
河南在除雪，湖北在解释,2664819904508573,用户8657928466856
各扫门前雪,6173979932,手机用户6173979932
这地方不好找啊,5975109445,打不死的小强73892597
5号从陕西一路开到湖北，走的河南境内从新县往南开到湖北。不吹也不黑，湖北境内积雪更多。南阳到信阳对比新县到麻城，不对比路面，后者树上积雪更多，道路以外的土地上也是后者积雪更多。 还有一方面的对比，高速护栏上河南境内几乎没有冰锥，湖北境内结满了冰锥。所以没有可比性，呼吁大家不要黑湖北了。,62599230180,cjbogf
不能因为灾害，一句没办法，躺平[捂脸][捂脸][捂脸]想办法，动起来，减少灾害给人带来的伤害,492169957752367,完美生活家I8
怎么不去关注被困的高速公路的人,55153512772,生兵146230999
[祈祷],2550456365625184,自强不息溪水RF
是受灾了，没必要拉踩，有人带节奏。有在网上喷的劲去现场帮忙送饭！,3785128160,10K莲菜哥
河南在除雪，湖北在科普冻雨[捂脸][捂脸][捂脸][捂脸][捂脸][捂脸][捂脸][捂脸],3544442009828547,坦荡荡的饺子
美国人干的,2493294767783079,才高八斗星星nR
我敢说，如果河南不及时铲雪，会和湖北一毛一样……不要替湖北解释，解释等于掩饰……,92327844738,豪万佳灯饰
有啥可说的！赶紧把雪清了让他们过就得了！,5535838539,橙子58853626
主持人的语言词汇知识量太那个，呵呵,5944342782,泰安高联升学
央视也科普冻雨？冻雨全国都会下，不要推卸责任！,111413568926,总设计师助理
高速路上的雪早就压碎了，没清理而已,3371532403083483,热闹孔雀UMp
转发了,2968302250895438,lj青年
铲车确实能去除雪和冻雨，人手确实难。,96410594986,木叶未凋
铲车确实能去除雪和冻雨，人手确实难。,96410594986,木叶未凋
说白就是舍不得出钱，出力就少了。,2964731682883999,豁达面
南方的重点是防洪 北方的重点是防冻 本质上的区别 各有优劣 都别喷了,5533444072,遥遥领先P
老子只看评论[打脸],4204166283276638,泰山下的鸡蛋
总是在强调客观条件，为什么不提前做好预案？看看人家河南～,3174988935343704,Rose与小米
摸摸干活吧，解释个毛,54978334055,北城沐杨
这样的实地新闻喜欢看[赞][赞][赞],110949420125,单行容
转发了,21632689900212,我非我c
融雪剂能融冰吗？科普一下,3316154622,涛声已久V
理由千千万，不干解决不了问题！,6370733048,子武86569448
问下 08 的湖南就知道这玩意的厉害,1345426169017947,菩提树下的尘埃
转发了,21632689900212,我非我c
这有什么稀奇我家这年年都是这样坐标东北吉林,60933476211,水无行1
你确定不是撒的水，毕竟现在的为了推卸责任什么事情干不出来,4282872010,佑手遇见悲伤
[赞][赞][赞][赞][祈祷][祈祷][祈祷][祈祷][比心][比心][比心][比心][比心],2167891712023277,单纯雪碧JI
这是没见过吗？我70后安徽人都经历过。,594182281115271,MrCao英语教学
这么长的冰凌[赞][赞][赞][赞],4336076827927534,智慧的我们做朋友
有常识的四川的兄弟应该不会说这种风凉话才对啊,4098921698,浩瀚深海521
河南是做了不说，湖北是说了不做。,2946339251953200,拼搏春夏秋冬
大家出行注意安全，最好还是别出门了，安全第一[比心],73221099890,奇妙荷叶ro
湖北全民科普冻雨，你一张嘴，他九张嘴，一说一个不吱声，路上的冰还是冰，河南安徽冻雨都下到湖北高速上了。,110496335918,三石半途
记者辛苦了，寒冰天气能收到你的报导！[赞][赞][赞][赞][赞][给力][给力][给力][比心][比心][比心][比心][比心][比心],1468558762059248,远见卓识拿捏有度
确实挺严重的。希望天气尽快能好转。,104279148056,AA燕子8982
嗯，河南的山里更严重，不信你去云台山看冰挂,89945648690,青春hourse
你们都出了不少的好主意！但愿全国人民不要遭遇任何的恶劣天气！在此代表湖北人民深深祈祷！如果哪个省不幸遇上了，也希望准备充分！至少不会需要湖北人的理解,55318772762,外向麻酱tt
怀疑有境外人士故意挑起这次河南与湖北冻雨下雪之争。这样的话731的热度就下去了。,84627767327,王羽一兴一艺
冻雨是一秒钟下下来的吗,78932418535,259729414
武汉怎么啦！,1931219527283853,群生分享
河南行，为什么湖北不行[灵光一闪]不行就下去让行的人上来[灵光一闪],4626202062,hp一片云
转发了,5434056929,wangyuanwy
2008年过去太久了吗？,51775280638,小麦133847339
多地持续出现大范围雨雪冰冻天气，给春运工作带来巨大影响。尽量别出门，尤其别带小孩，保证安全！真是出门受罪去了！,52758969513,善良帆船F
[捂脸],382231756152478,创业路上的强哥
有一年湖北冻雨，电力设施被损坏严重，高压电线都有碗口粗，电塔损坏不少，这就是冻雨的危害,63484142794,老姑73
无能的表现就是找借口,3327565068777935,我爱你中国YHC
希望恶劣天气早日结束，滞留的旅客们早点到家过年！[祈祷],105462948104,翩翩随风
没见过！,51867733230,Jxyxw
[大笑]无人居住你报个锤子,3931457606648671,用户5268921428912
评论区很多带节奏的啊，居心叵测,3016651326632428,80s摄影小白
别洗了 为啥下面是冰上面是雪 有点常识都知道咋回事。,2282185235116332,庙里有
不需要普及冻雨知识了[捂脸],111234223762,天地泰2022
高速上去调查下,672550570690744,听雨霖霖
你告诉我，大声告诉我，为什么，郑州，河南，就可以做到边下边清？？来你告诉我，为什么,3196992133543640,勇者湖泊5sV
喷子不要在喷湖北了，积点口德吧,71072554872,尘世艳光中行走
先下雨随即就结冰，然后开始下雪。,68911936581,哈撒给aoe
理由很好,62936489786,雨后彩虹202014841
你有这时间去清理冰雪了，说这个有个屁用，谁不知道这个常识。你去解决问题，去报道怎么解决，说这些有毛线用,7327935579839923214,我自静默向纷华
湖北已经习惯了，靠全国！你们继续,6001191978,喝丢八双鞋
去一个没人住的村介绍这次暴雪，真搞笑,3777519310868371,走世界看天下1
雨雪天气啥都不干，就发明个词冻雨，搞的全世界就一个地方又下雨又下雪[捂脸][捂脸][捂脸][捂脸][捂脸][捂脸][捂脸][捂脸][捂脸]一年几十次冻雨高速别说堵车还是照往常速度开的路过[捂脸][捂脸][捂脸][捂脸]因为人家不停的撒盐[捂脸][捂脸][捂脸][捂脸][捂脸][捂脸][捂脸][捂脸][捂脸][捂脸][捂脸][捂脸][捂脸][捂脸][捂脸][捂脸][捂脸][捂脸][捂脸][捂脸][捂脸][捂脸][捂脸][捂脸][捂脸][捂脸][捂脸][捂脸],6369245020,Ray86493881
河南下的小，郑州今天自然化了一点！今天有点太阳！,14911356955,爱羊羊2
湖北人自己都不急，各位就不要操这个心了,5579752598,铜硫合钨
没人住的探访什么？！？浪费资源！,52317157993,牛妞妈咪415
反正我们湖北怎么搞你们都有的喷，真的搞的无语了,50318598809,小語哥
没钱了，做什么为,104743122318,热情的奶茶Dh
看我们陕西的冻雨，明天更长，不打掉会砸死人,3417699750259079,退耕还林的LV
带精确制导的冻雨太可怕了,6953787364,梦1211536
这是哪里的记者？,98601044722,酷啦啦583
洗刷刷 洗刷刷,99435561297,用户9058887296570
不用给它们解释，越解释它们越喷，你看湖南就懒得解释。,63686091568,疯狂的雨刮器
湖北湖南这两个省奇怪得很，冬天特别冷，夏天特别热，你们到底属于南方还是北方？那要不夏天南方，冬天北方。我们这里盼下雪，老天就是不眷顾。,4014681826,懵懂的岁月流年
再跑深一点，神农架无人区冻的更厉害,5813022237,火锅66118517
渎职还扯淡找理由？,59307299952,逸非2
最讨厌你们这种片区试采访，只为自己的流量,97413232241,尕黑牛
无人村？,59835423730,avocado杰克
湖北普及冻雨狠及时，不然不知道还有冻雨这种天气，中央气象局工作不到位呀，以前老百姓都不知道有这种天气！,68361558684,李家男丁
想说明什么事，太幼稚了,87784033000,爱生活的认真的星星
不为冰凌找理由，只为清除找方法，此轮大雪前，河南发布了黑色天气预报，大雪期间更是全员职守，做到雪停即除，保证畅通，反观湖北，思想上就认识不够！,52515934624,用户52515934624
这个报道会不会被挨打,299482708971399,吴文勇e
怎么不说将近一百米呢，还好意思说高速公路冰雪清理的时候都十几厘米厚了，你不清理，它能不厚吗？你一直清，它能这样吗？,11135572491,寻梦1159359247
怎么不去受灾事故最严重的高速上采访？,4275322455591832,进取溪流O6
北方确实没有这种情况,58797643461,随遇而安hyy75
叫兽有论文，砖头有数据，学霸有考题，哦，还有一种叫天气，不服不行，可以数次数,70315924879,处理表面938
经历过2008年冰灾长沙人感同身受。那年正遇工考报名，我们所有人的资料都在山上办公室。我真的手脚并用爬到的。一夜之间路面上全是冰。看万山红遍的景区所有树全被断头。,55962278481,咖啡馆的时光
这无人区是现场么？,52103429187,船长巴士之旅
希望国家应急响应。[祈祷][祈祷][祈祷],101898041985,爱生活的高山Zp
湖北在河南北面吗？比河南还冷？,5860775862,飞翔68936169
此屯无人居住，是冻雨原因，还是以前就无人居住？[捂脸],110178485732,玉言9E0i
转发了,64782943136,许文卿2
21世纪还有这么多无知的人[捂脸],67621135359,农村俊孩子
解释解释什么是预案？解释解释什么是预案，什么是他妈的应急预案？,6044999276,龙行天下77206417
,5850744851,烟雨路人
我湖北襄阳的，挨着河南，我们这就是下的雪，没有冻雨，比较容易清理，受灾地方不一样，很多人听风就是雨,6240941994,若是云未散
没人住的村你去干啥？没有人住的地方你去看啥？,3246203044106284,荆山三哥
我知道了，不用解释,5879811808,偷偷进村
别说没用的，让河南的网友过来清。看看是冻雨硬还是河南人的嘴巴硬。,6583021008,_雪域凝霜
朋友！比起科普冻雨！政府部门更应考虑组织沿线乡镇部门以购买应急食物发放堵车群众！而不是靠沿线老百姓免费提供食物送温暖,2163427675481216,ZG美高
冻雨这样的极端天气对道路运输就是灾难性的，人们在大自然面前束手无策。我是黑龙江的，记得45年前也就是78年的12月份突然下起一阵中雨。路面结冰八到十公分公路运输几乎瘫痪，影响时间持续几个月。,6048168530,高级书签rO
转发了,4047657778692,发奋图强FFTQ
又是美国人搞的气象战,58085386813,妇女之友168
不用科普。你们怎么解决[我想静静][我想静静][我想静静],62166176858,用户781618171661
60后，小时候这种场景在冬天常见,108769018129,天涯毗邻656
这是怎么了？？？还冻雨冻雨，冻雨挑着分界线？？？？,50240209313,YQ我六哥
雪能把电线杆压到[捂脸],50479468312,思钱想厚132013467
冻雨是不是路面上的雪都清不了？湖北各市的网友能不能帮我们看看省委，市委的路段的雪有没有清扫完？,3333340753830910,苏南小胜
[捂脸][捂脸][捂脸]高速上不去对吧,109037765854,一往无前Andy2020
冻雨是雨再下落的过程中，遇到物体瞬间结冰。对农作物、树木、电线、电塔危害极大。南方湿度大，不是北方能理解的。北方基本不会出现冻雨，空气干燥，要么雨要么雪。雪下树上太重，会掉下重的部分，冻雨是直接把树压断。,104939580430,明月挂青树梢
基站不是被积雪压垮，是被附着的冰压垮[打脸][打脸][打脸],4216067711,易谈文化
真是少见，确实冷。,4239344446737262,用户老男人长不大
到处是无人居住，人都跑哪儿去了？？？,52141434131,不让泪水流到嘴角
荆州冻雨还厉窖，对农民耒说是毁灭信的灾害，菜大棚全军復没，一个字惨。[流泪],545799704686996,风趣菠萝SM
电表这样裸露着，电工合格吗？,62821044482,x6xxx
这话说的，如果发生战争怎么办？这么多司机缴费上了高速，你觉得这么多司机就在高速上挨冻合适么？高速公路管理部门也没有除雪设备，你觉得他们应该么？,109757016728,2020TIGUAN
都是他妈的不作为。。,100053196778,天使的翅膀WDSP
👍👍👍对对对👍👍👍对对对👍👍👍对对对👍👍👍对对对,12721482867,胜134599319
赶紧到这个无人村去救援,65564175379,清新远山LM
别科普了，去铲雪吧,4689128876,爱谁谁47024161
特别想知道，全国只有湖北有冻雨吗？,3834055475,配你刚好abc
头一天的雪没融化完，夜间温度下降第二天早上也会有这种情况,105014574415,聪慧高老庄王大爷
好多间谍都在说：只有湖北会下冻雨难道其他省份都不下吗，你们冻了这么厚才开始铲，为什么不撒盐，就是缺乏应急预案，你们这都是在摆拍，还是河南干得好。,5724023797,chonami
[玫瑰][赞][赞][赞],4287724544864414,发财克里斯蒂1C
武汉真讲究高速公路都贴钢化膜！,5383276051,燕子高老二
百年一遇 吧,52596405021,10kkk
专家认为湖北是南方，不需要供暖,18604687890,天涯明月坚强的心
完全可以让美国背锅，气象战！[害羞],3082668165566115,爱说真话的老男孩
怎么不去髙速公路现场直播,92324366244,一丝不苟晚风pz
别说河南人被杨丞琳骂了，湖北冻雨灾情一出现，就有一些人发了河南畅通无阻的视频，心理有多损就不得而知了！就河南畅通？东北零下十几度还畅通呢！河南和湖北交界处畅通了吗？！,1802792519865015,善艾88
这特么是南方？快赶上北方的冬天了，听说室内室外温度差不多，这也太遭罪了,3280541786309848,李白不白亚历山大
以前只有贵州湖南下冻雨，现在下到湖北去了[捂脸][捂脸][捂脸],3937519691,L9893
这么严重啊！,91579046660,渝人愚人
又开始科普类[看],25743081414,Godisfree
确实严重,6613029281,要咋样就咋样吗
我们不是有盘古大模型的ai天气预报遥遥领先吗？怎么没预警啊！,5888304226,爱时光孩子他爸
干脆在新闻联播搞个专题科普吧[祈祷],95097472925,白曰花火
这么严重，干嘛不及时关闭高速？,19427007584,思瑞福THRIVE
天狂必有雨，人狂必有祸,770106375547703,远见卓识火车H
看问题看本质，假如战争来临需要大后方支援，需要辎重，怎么办,1699266801,Poisonmaster
在这有啥用啊[呲牙],1460608385957399,投资收藏
这在北方都是再平常不过的事情，从没人感到奇怪，也从未造成那么大的堵车，并且气侯条件比湖北恶劣得多！北方的冰柱都砸死人了，不是假的吧？？？？！不要为不作为找借口[灵光一闪][灵光一闪][狗头][狗头],58805990500,达旺
这种情况应该是冷暖气流交汇弄的吧？我记得好像是！反正在我们辽宁这边这种场面，我见过很多次！,2392992198180512,足智多谋的帆船JH
我就想看一下河南下冻雨的地方是不是也是这个样子，不要再发高速公路了,3737438973,默灬君武
湖北冻雨灾害严重！后勤保障工作跟上也不会有那么多幺蛾子漫天飞[打脸],4024664338,赞达拉
你们知道个锤子，先是冷空气下的是小雨，慢慢变成雪籽，然后是冰雹，在最后下一天的鹅毛大雪，前后就三天不间断形成冻雨。小雨湿地，雪籽结冰，冰雹打底，大雪覆盖。除冰，怎么除？难道把高速公路和国道都给拆了？两湖地区十几年才来一次，你有那本事能提前预判，怎么不去玩股票，跑到头条打嘴炮？,15790174892,冲天少
你以为喷子们不知道？他们只是为了带节奏。,5811698690,吱吱吱丶
天公不做美，稍微冷点，就能幻化成美丽的雪花❄,3151644493362907,龙头魅惑
家人们警戒外部势力带节奏,5947134802,葱民
复制了2008年春节前的贵州的情形，从那以后，许多电力设计规范都做了变更。,51860003411,西村沟v钓鱼娃
南方突然降温，这属于自然灾害，几十年也不一定出现一次。南方人，一辈子可能都没见过这样的场景。别大惊小怪的！没一点深沉！,111508336917,脑神经不好
分外妖娆……千里冰封！好还是不好？,52281444708,北方南风
你出来解释啥？！帮忙找理由？,9493566604,山中人民
变电箱确定是被冰给整倒的？,588937060171208,随品壹号
央视天气预报说的是山东啊，怎么跑湖北去了帅哥[what],2805553495542957,请用手输入用户名
感觉整个湖北都像无人居住[捂脸],5270292026,独一无二的非凡风铃
还有人叫尔冰吗？,70155139552,伍氏生辉
,4336101684164174,欢快柳叶vY
天灾，大家都互相理解一下吧,131532708131902,文正
大治我的家乡，可惜没有回去，亲眼看看多年未见的冻冰！,3469690082690027,中国人勿忘国耻
天灭是人力不可抗拒的,4435848799193710,淡泊致远
那就别清了 等春天来吧,111565172352,哈尔镔龙人
湖北高速公路除冰机械不配备的吗？不要老说中国工业体系完善了，什么年代了，还靠人工铲冰，光收费不办事的吗？,5764475807,东风破美
湖北人真可怜，疫情是湖北，这次又是湖北，,6462171400,奉行善道
九头鸟各顾各的,2076348324785960,琅琊小镇
小心美国的间谍，在搞分裂。,4497415222593159,活泼溪流ONo
又是春运，牢记08教训，启动应急措施。愿天下太平，游子平安到家[祈祷],6332034006,温向宁
出门得带钢盔，穿盔甲了，不然什么死的都不知道,65217043534,行走的田七
不是积雪，是冰。冰。冰。。。。[抠鼻][抠鼻][大笑][大笑],3429421502,A看看就好A
我们的专家教授又一次翻车。这些专家教授人们啥时候能可靠一回,4478824579,几句即可
春節前自然災害可怕[祈祷],932024772741229,講東西
先看河南再说话,6716606896,批无耻的人和事
我们小时候，每年冬天都是这样的冰凌。,6219182295,灵海之舟
[赞][赞],60234414339,太极你军哥
一场天灾河南人非说是人祸，其心可诛！,64604133453,涛哥211247862
湖北冻雨是2月3日凌晨开始下的，根本来不及处理！冻雨成冰后就很难处理了。[捂脸][捂脸][捂脸][捂脸],57378297798,垚风亦梦
1号下，5号你来采访，请问一下这个记者，你是走路去的吗？不是所有地方都下了冻雨吗？那你们车子应该走不了呀？[灵光一闪][灵光一闪][灵光一闪],101648085476,夕阳青年相楠
这是极端天气灾害！当地房屋农作物倒塌，道路交通封闭！[祈祷][祈祷][祈祷],1769865017,延迟的木头
这是山里吧，哈哈,26035835166,无力吐槽你妹
湖北路政：不要在我高速狂妄的撒盐,1006776632219164,好口才發大财
这个冻雨不是第一次，上一次更严重，都大停电了，高速也没这么混乱拥堵！,3435292238819995,仁朗师弟
小时候见过[奸笑],1218724884908503,自由的清泉PN
太难了，太难了，太难了，就是不解决,1384990557081710,用户5562336388020
湖北加油！！祝路途上的同胞都能平安到家,4475791433,声震九霄
去这种深山没人住的地方干啥咯，那我在湖南的老家也跟这个差不多，山腰中,73096818546,一米yi
好漂亮的！像水晶宫,4029086346001495,悠闲宜州6X2
湖北网友总说冻雨铲不动，河南是开始下雪就撒融雪剂，所以连下三四天，气温零下六七度也冻不住。湖北开始下雨时无作为，再下雪还是无作为等天晴，夜里零下三四度不冻住才怪。这也是湖北应付极端天气经验少，没想到下雪后气温会到零下吧,2330563083510759,陆水流沙
感谢为湖北发声[祈祷]路上到处都是断的树枝🌿,65131471694,W风清扬W
呵呵，高速不去，去一个无人居住的村干嘛？闲的没事干了吗？,5367492708,明说事儿
电闸都冻住了，化冰时太危险了吧,3483723832499671,格局进化
应急预案呢[捂脸],2401812077402109,聪明的蜻蜓9G
央广三问[赞],84154699414,第三类白
昆明回汉川，第四天了，此刻还在高速上睡觉,4229219331,逆水行洲666
真的冷。是不是得去了解下人民怎么想的。没人的村庄管他干嘛。,108913261703,减肥中的男人
好危险，要是掉下来砸到肯定不得了,54878979702,简单的幸福420426
楚天极目太君放开直播评论区，让大家畅所欲言[祈祷][祈祷][祈祷][祈祷],844013139143376,高贵柳叶og
无人居住！无人居住你去采访干嘛？你怎么不去原始森林里采访,5973241247,戈文73780581
我干不了什么只能说湖北加油,2225007930384974,安逸钢笔c4
一些人就知道喷湖北不作为，一点都不了解实际情况,4111826188770903,坦荡的明月FLU
继续讲困难吧。,4482071472909632,开朗麻酱2Ul
这叫冰凌，房檐，树木，车身常见，湖北冬季年年有，不懂为什么非要换个名字，今年还成了大灾难。河南人在高速上劳动，湖北人在这里上课,58204753830,w带狗逛街w
电线杆被鸡血压垮，厉害😄,94500961412,正能量梦想XJ
仿佛冰河期再现。,51055187957,宋城江南
如果上面给考核，你看下面这些屁股坐在那得人还能这么讲流程，不着急？,110484643075,正能量点评
我觉得你带个安全帽比较妥,6373260147,牵着蜗牛奔跑86634660
北方经常下雪，没有这么严重啊？怎么回事？,100029717982,用户福从天而降
央广也是奇葩，没人的地方使劲报道，有人出不来的高速不去报道。,54631403582,热情豆浆VK
记者是怎么过去的？,4164523257,一蓑烟雨LVV
这个怎么样？,2498527606093069,勇者天地人和
这都是借口,6581608063,淡定星星Iq
湖北冻雨有多严重 记者实地探访,96176350909,凌燕子
有史以来，从来没看见过这么大的冰凌。,95594042480,幸福之家62454
转发了,96176350909,凌燕子
豆腐渣,4331719244384861,多才多艺WGL
转发了,1216527900353000,用户6275247988533
,3897899236,板沙哥
,3897899236,板沙哥
,3897899236,板沙哥
,3897899236,板沙哥
多报道一些,2933088381312019,机智的茜茜大人
有部电影是不是叫后天的,184309385538589,海鸥飞呀飞呀
河南就不结冰了吗？就没冻雨了吗？就只对你湖北下？极力在为懒惰不做为找理[捂脸]由[捂脸]！,2273421512153773,白姐的花果园
转发了,6013282712,sy327
报了个寂寞,50269513893,快乐小子张
湖北人民没事的赶紧敲啊,1656317682651568,微笑雪碧op
冰这么厚啊，我在大冶旁边阳新[白眼],107721070118,程维多利亚
是不是问下气象局是否可以用高射炮提前人工降雨！！降低灾害,65239543922,蝉睿影视
湖北加油,57062314898,ooo888ooo
人民的眼睛是雪亮的,1761874639849575,火星燎原之势
错误示范！带电咋办！！！！！！,98474140188,宫舍饭堂
只为困难找办法，不为困难找借口，这是你摆烂的理由吗,66205421482,用户1423550937022
这只能说明降温快和没预案,110900323381,直爽风铃s
冻雨行车打滑万一出了事故，喷子们又是另外一副嘴脸。讲道理明是非….安全到家,77880930244,懒不醒的猫
[赞][赞][赞][赞][赞][赞][赞],975994780648318,一路走来的风景与心情
高速公路瘫痪了你不去报，你跑到无人区去嚷嚷[打脸][打脸][打脸][打脸],69104423772,放牛牛的大爷
天啊,14831781381,图腾守护
转发了,8466959740,月夜照回家人
不怪湖北高速没准备 只怪天气太邪门 其他地方都不下冻雨 只在湖北下冻雨 你说奇怪不奇怪[捂脸][捂脸],6398202758,同叹天涯沦落人
信阳人民活的艰苦！,12556671515,狐步印迹
还是四川好,51595002920,幸运钢笔H0A
其他省下雪，你大晴天，其他省又下雪了，你全省急冻。四年前困广州，四年后困武汉。这辈子的门都出完了[捂脸][捂脸][捂脸][捂脸],2875972870742285,露珠酿酒
这是冬天的正常现象啊,4248117136067867,实事求是空谈误国
你还能走动，我遇到一次是85年，是车正在正常行驶，就不受控制，不是两车相撞，就是滑到护路小沟，人下车走两步就滑倒，商店毛巾都卖光了，因把毛巾捆在脚上才能行走，稍有坡度，也时常滑倒，甚至有车人相撞…,54666619619,潇洒豆浆j
冻雨成冰，推土机推的时候轮子都空转，根本清理不了，没见过的闭嘴吧！,109885220245,梦幻神秘兮兮
我滴个乖乖 你们是怎么上去的？还带着设备[捂脸][捂脸][捂脸],54695862992,用户大乖乖
把稻草铺在路面上会不会可以通车。,972440714089438,枕无眠2Z2C
今天依然大太阳。云南宣威,215132854825224,般若.墨曦
广西很期待来一场,1286876307665372,刘搏士看美国
冰凌之下有危险，不要大意,87244018406,莫染于风
是不是电表就不走了[大笑],97110496525,喜先生旺崽
转发了,104997741269,月上柳梢头aa
太恐怖了！,3532052277508295,幸运松鼠A5
多灾之年……🙏🏻,55294090758,青平32
